id,movie_id,title,overview,release_date,popularity,vote_average,adult,play_time,poster_path,backdrop_path,video_path,netflix_path,watcha_path
1,606523,낙원의 밤,"범죄조직의 에이스 태구는 사랑하는 누나와 조카를 의문의 교통사고로 한순간에 잃는다. 참혹한 비극의 배후에 상대 조직이 있음을 직감한 태구는 모든 것을 걸고 복수를 실행한다. 거사를 마친 태구는 몸을 숨긴 제주도에서 불법 무기상 삼촌과 단둘이 사는, 죽음의 그림자를 간직한 재연을 만나는데...",2021-04-09,1174,7.0,1,131,/mWZ2aujwBdFEONvRQv05zPBGy7J.jpg,/MocpW8Wrp8uireBg6bT6Y6TKWC.jpg,1itQo-0xGVY,81342504,
2,581528,악인전,"중부권을 쥐고 흔드는 제우스파 조직의 보스 장동수, 비 내리던 밤 한적한 도로에서 접촉사고를 위장해 접근한 남자에게 불의의 습격을 받는다. 격투 끝에 가까스로 목숨은 건졌지만 조직 보스의 권위와 자존심은 무너지고 만다. 바짝 독이 오른 장동수 앞에 형사 정태석이 나타나 그를 찌른 놈이 연쇄살인범이라며 그날 밤 기억나는 것을 모두 말하라고 한다. 장동수는 얼굴 없는 연쇄살인마와 마주쳐 살아남은 유일한 생존자이자 목격자였다. 자신의 몸에 손 댄 그 놈을 살 떨리게 잡고 싶은 조직의 보스 장동수와 미치도록 범인을 잡고 싶은 강력반 미친개 정태석, 두 사람은 장동수의 조직력과 자본, 정태석의 정보력과 기술력을 이용해 ""K""라 불리는 연쇄살인마를 함께 잡기로 하는데...",2019-05-15,3360000,7.7,1,121,/az4OVqXbFVaHoZlktcm7oCm0LZo.jpg,/8IpzxBXhd9aaZc0eDOvsfxejdLs.jpg,bdv76JwvfIE,81078578,
3,479718,범죄도시,2004년 서울. 중국 하얼빈에서 활동하다 피신한 신흥 범죄조직의 악랄한 보스 장첸. 가리봉동 일대로 넘어온 장첸과 그의 일당들은 단숨에 기존 조직들을 장악하고 가장 강력한 세력인 춘식이파 보스 황사장까지 위협하며 도시 일대의 최강자로 급부상한다. 한편 대한민국을 뒤흔든 장첸 일당을 잡기 위해 오직 주먹 한방으로 도시의 평화를 유지해 온 괴물형사 마석도와  인간미 넘치는 든든한 리더 전일만 반장이 이끄는 강력반은 눈에는 눈 방식의  소탕 작전을 기획하는데...,2017-10-03,6880000,7.8,1,119,/A5MIbqxuQfQRtzGxg5UUTAxHfsM.jpg,/67eKM9rkCOZmNVrsgXVKiCvJh1.jpg,n-dYGqVVgU4,,
4,752886,강릉,"강릉 최대 조직의 ‘길석’ 평화와 의리를 중요시하며 질서 있게 살아가던 그의 앞에 강릉 최대 리조트 소유권을 노린 남자 ‘민석’이 나타난다. 첫 만남부터 서늘한 분위기가 감도는 둘, ‘민석’이 자신의 목표를 위해 본격적으로 움직이기 시작하면서 두 조직 사이에는 겉잡을 수 없는 전쟁이 시작되는데.. 거친 운명 앞에 놓인 두 남자 11월, 그들의 이야기가 시작된다",2021-11-10,300000,6.4,1,110,/1MZ42GYL84wW4U9HtcKMuTOx6fD.jpg,/zSNaHraIcjfy3BC0q5JAnTS23Ll.jpg,z_LMLtdNVxA,,
5,51608,아저씨,불행한 사건으로 아내를 잃고 세상을 등진 채 전당포를 꾸려가며 외롭게 살아가는 전직 특수요원 태식. 찾아오는 사람이라곤 전당포에 물건을 맡기러 오는 사람들과 옆집소녀 소미뿐이다. 세상으로부터 버림받은 소미와 함께 보내는 시간이 많아지면서 태식과 소미는 서로 마음을 열며 친구가 되어간다.  그러던 어느 날 소미의 엄마가 범죄단체 연루되고 태식의 눈앞에서 소미가 납치되는데...,2010-08-04,6170000,7.7,1,106,/14QbjXp8m3LN9l1U4SoBWy441kr.jpg,/3cGvyS88UOf3LDUpXf06FpK8crH.jpg,DmRHYq2wSzE,,m5ZXrxO
6,619803,범죄도시 2,"가리봉동 소탕작전 후 4년 뒤, 금천서 강력반은 베트남으로 도주한 용의자를 인도받아 오라는 미션을 받는다.  괴물형사 ‘마석도’(마동석)와 ‘전일만’(최귀화) 반장은 현지 용의자에게서 수상함을 느끼고, 그의 뒤에 무자비한 악행을 벌이는 ‘강해상’(손석구)이 있음을 알게 된다.  ‘마석도’와 금천서 강력반은 한국과 베트남을 오가며 역대급 범죄를 저지르는 ‘강해상’을 본격적으로 쫓기 시작하는데...  나쁜 놈들 잡는 데 국경 없다! 통쾌하고 화끈한 범죄 소탕 작전이 다시 펼쳐진다!",2022-05-18,1010000,2.0,1,119,/eet59dUMUqRkIJJwY2Q7M5UsRAn.jpg,/iuM006FCrVXqvwLg4R0hkST0HPy.jpg,DfqBfjboSNE,,
7,618200,파이프라인,"손만 대면 대박을 터트리는 도유 업계 최고 천공기술자 핀돌이는 수천억의 기름을 빼돌리기 위해 거대한 판을 짠 대기업 후계자 건우의 거부할 수 없는 제안에 빠져 위험천만한 도유 작전에 합류한다. 프로 용접공 접새, 땅 속을 장기판처럼 꿰고 있는 나과장, 괴력의 인간 굴착기 큰삽, 이 모든 이들을 감시하는 카운터까지. 그러나 저마다 다른 목적을 가진 이들이 서로를 속고 속이면서 계획은 예상치 못한 방향으로 흘러가기 시작하는데...",2021-05-26,130000,7.2,0,94,/oo4sBEhrOovS1l1qcPo0i1RRacP.jpg,/jPF9dna2OBfMDi7lykm36eN1dnc.jpg,KgsMl1KHmxA,,mWvq2ZD
8,571648,지푸라기라도 잡고 싶은 짐승들,"가업으로 물려받은 사업에 실패하고 사우나에서 야간 알바를 하는 중만. 치매 노모를 모시고 살며 경제적으로도 쪼들리던 그는 어느날 로커룸에서 거액의 현금 다발이 든 돈 가방을 발견하고 그 돈을 자기가 가지기로 마음먹는다. 세관 공무원 태영은 사채업자에게 큰돈을 빌려 사업을 하는 애인 연희에게 투자 명목으로 빌려주지만 연희는 잠적하고, 사채업자의 압박이 시작된다. 그러던 중 연희로 의심되는 여성의 사체가 발견된다. 주식투자로 빚을 지고 남편의 폭력에 시달리던 미란은 돈을 벌기 위해 접대부로 일하는데, 손님으로 만난 진태가 남편을 죽여주겠다고 제안하자 솔깃한다. 이후 각자 다른 욕망을 가진 이들의 관계가 하나둘 밝혀지기 시작한다.",2020-02-19,620000,7.2,1,108,/qflrq8UvC2YE4lhudU6voXliwyc.jpg,/1yqVaDR7uIA3Xx9GQIhbEbh5pEe.jpg,tv5ZQwH-sAc,81346909,
10,435601,브이아이피,"국정원과 CIA의 기획으로 북에서 온 VIP 김광일이 살인사건의 유력한 용의자로 지목된다. 본능적으로 그가 범인임을 직감한 경찰 채이도가 VIP를 뒤쫓지만 국정원 요원 박재혁의 비호로 번번이 용의선상에서 벗어난다. CIA와 국정원 간의 ‘기획 귀순자’를 둘러싼 알력 다툼, 경찰의 봐주기 수사부터 검찰과의 거래, 여기에 북한 정치 상황 지형도까지 얽히는데...",2017-08-23,1370000,8.0,1,128,/nAF51unFGuizy0dOnmn74VytRLt.jpg,/nx0SKrYEQLvrvFQI9OZ0nJeiVUM.jpg,04XGy2CxOd8,,m5aV9XM
12,488623,기억의 밤,"새 집으로 이사 온 날 밤, 정체불명의 괴한들에게 납치된 형 유석. 동생 진석은 형이 납치된 후 매일 밤 환청과 환각에 시달리며 불안해한다. 납치된지 19일째 되는 날 돌아온 유석은 그동안의 모든 기억을 잃었다고 말한다. 하지만 돌아온 뒤로 어딘가 변해버린 유석을 의심하던 진석은 매일 밤 사라지는 형을 쫓던 중 충격적인 사실과 마주하게 되는데...",2017-11-29,1380000,8.0,0,132,/pXHLaA2dvIfJ3NbslufKqvS48dt.jpg,/wb1hz8m3snCBN1wdF3SZxrdKgRH.jpg,Ol6Yr4W0m14,80223050,
13,204553,감시자들,"범죄 대상에 대한 감시만을 전문적으로 담당하는 경찰 내 특수조직 감시반. 동물적인 직감과 본능으로 범죄를 쫓는 감시 전문가 황반장이 이끄는 감시반에 탁월한 기억력과 관찰력을 지닌 신참 하윤주가 합류한다. 그리고 얼마 후 감시반의 철저한 포위망마저 무용지물로 만든 범죄가 벌어진다. 단 3분만에 한 치의 실수도 없이 벌어진 무장강도사건. 얼굴도, 단서도 남기지 않은 그들의 존재에 모든 시선이 꽂힌다. 철저하게 짜여진 계획 하에 움직이며 1초의 오차도 용납하지 않는 범죄 조직의 리더 제임스. 자신의 존재를 절대 드러내지 않는 그는 감시반의 추적이 조여올수록 더욱 치밀하게 범죄를 이어간다. 더 이상의 범죄를 막기 위해 반드시 놈의 실체를 알아내야만 하는 감시반. 황반장과 하윤주는 모든 기억과 단서를 동원해 놈을 쫓기 시작하는데…",2013-07-03,5500000,7.5,0,109,/2iZbCv0XJGaPwZTTF7atEosAxRR.jpg,/fsBo2qolgyW02IhR9IqeFByhM4b.jpg,AwzLHOQcFC8,70293621,m5X6o4O
14,11423,살인의 추억,"1986년 경기도. 젊은 여인이 무참히 강간, 살해당한 시체로 발견된다. 2개월 후 비슷한 수법의 강간살인사건이 연이어 발생하면서 사건은 세간의 주목을 받기 시작하고, 일대는 연쇄살인이라는 생소한 범죄의 공포에 휩싸인다. 사건 발생 지역에 특별수사본부가 설치되고, 수사본부는 구희봉 반장을 필두로 지역토박이 형사 박두만과 조용구, 그리고 서울 시경에서 자원해 온 서태윤이 배치된다. 육감과 폭력으로 수사를 진행하는 박형사와 증거와 과학수사를 추구하는 서형사는 수사 내내 마찰을 일으키는데...",2003-05-02,5250000,8.1,0,119,/sujAihJHmNMfeMNQ004KYIPvrGA.jpg,/2NArMoObkAbnIPvqlHC3gRGsfBb.jpg,pliylHilD_U,,mE5DYeW
15,435366,조작된 도시,"게임 세계 속에서는 완벽한 리더지만 현실에서는 평범한 백수인 권유.  PC방에서 우연히 휴대폰을 찾아 달라는 낯선 여자의 전화를 받게 되고 이후, 영문도 모른 채 그녀를 잔인하게 살해한 범인으로 몰리게 된다. 모든 증거는 짜맞춘 듯 권유를 범인이라 가리키고,  아무도 그의 결백을 믿어주지 않는 가운데 권유의 게임 멤버이자 초보 해커인 여울은 이 모든 것이 단 3분 16초 동안, 누군가에 의해 완벽하게 조작되었음을 알게 된다. 특수효과 전문 데몰리션을 비롯 게임 멤버가 모두 모여 자신들만의 새로운 방식으로 사건의 실체를 추적해나가기 시작하고, 조작된 세상에 맞서기 위한 짜릿한 반격에 나서는데...",2017-02-09,2510000,7.8,0,88,/v2TRu7tQ8LKHOwfusckYjHvXiya.jpg,/wvNCnYb2K5lcfRDhtH65OaWHIvp.jpg,2CfVL6WLvUg,,mO1VzlQ
16,1280,빈집,"빈 집에 갇힌 여자와 빈 집을 여는 남자  태석은 오토바이를 타고 집집을 돌며 열쇠구멍에 전단지를 붙인다. 그리고 오랫동안 전단지가 떨어져 나가지 않은 집을 열고 들어가 얼마간을 살고 나온다. 그렇게 살아가고 있던 태석은 어느 한 빈 집에서 멍 투성이의 한 여자를 만난다. 남편의 집착과 소유욕 때문에 피폐해지고 망가진 채로 유령처럼 살아가는 여자 선화. 하지만 태석은 그녀를 남겨둔 채 서둘러 집을 빠져 나온다.  그러나 자신을 데려가 주길 바라는 것 같던 선화의 공허한 눈빛을 떨쳐버릴 수가 없던 태석은 다시 그녀의 빈 집으로 돌아간다. 그리고 그곳에서 태석은 남편의 강제적인 탐닉에 몸부림치며 괴로워하는 선화를 보고야 만다. 참을 수 없는 광경 앞에 태석은 그만 손에 잡힌 3번 아이언 골프채를 휘둘러 선화를 구해 도망친다.  태석이 그래왔던 것처럼 함께 전단지를 붙이고 빈집을 찾아 들며 지내는 두 사람. 새로 들르는 집마다 마치 늘 살아왔던 것처럼 어질러진 빈집을 치우고 망가진 물건들을 고쳐놓는 태석을 보며 선화는 처음으로 자신이 비어있지 않은 집에 있는 것 같은 따스함을 느낀다. 태석 역시 조금씩 웃음을 찾아가는 선화를 보며 그녀에게 점점 끌리게 된다. 액체가 섞이듯 어느 사이엔가 서로의 아픔과 외로움을 느끼게 된 두 사람은 서로에 대한 사랑을 확인하게 된다.  그런 어느 날, 우연히 찾아 든 빈 집에서 싸늘히 버려진 노인의 시체를 발견하게 된 두 사람은 정성껏 장례를 치러주고 남겨진 빈 집에서 행복한 시간을 꿈꾼다. 그러나 노인의 아들이 들이닥치고 두 사람은 경찰에 연행된다. 선화의 신원을 파악한 경찰은 태석에게 납치와 살인, 무단 가택 침입이라는 혐의를 씌운다. 돈으로 형사와 깡패를 매수한 민규 앞에 처절히 무너지는 태석과 반항도 못하고 집으로 끌려온 선화. 태석은 어떻게든 선화에게 돌아가려 하고 선화 역시 태석을 찾아 지난 날의 빈 집들을 찾아 나서는데…",2004-10-15,71000,7.8,1,120,/oTuOzkKT3gkqvEbB6BrN8cv1gto.jpg,/nFtkNsd01rYZMQGyZJos2pagOHD.jpg,,70020717,
17,607836,난폭한 기록,특종 냄새는 귀신같이 맡는 집념의 프리랜서 VJ '국현'(류덕환)은 자극적인 취재거리를 찾던 중 머리에 칼날이 박힌 채 살아가는 전직형사 ‘기만’(정두홍)의 이야기가 대박 아이템임을 직감한다. 폐인 같은 삶을 살고 있던 ‘기만’은 ‘국현’의 집요한 설득 끝에 동료형사를 죽이고 자신에게 칼날을 박아놓은 마약조직보스 ‘정태화’에 대한 복수를 기록한다는 조건하에 동행취재를 허락한다.,2019-07-11,12000,7.4,0,90,/fn8HlaS8CiC5s57E3FKJgzLOCJx.jpg,/dRynvJKs76eWuA5osY4sfJMOSq4.jpg,oy_EU4jD7Y0,,m53mYpL
18,30018,마더,"읍내 약재상에서 일하며 아들과 단 둘이 사는 엄마. 그녀에게 아들 도준은 온 세상과 마찬가지다. 28세의 나이답지 않게 제 앞가림을 못 하는 어수룩한 아들  도준은 자잘한 사고를 치고 다니며 엄마의 애간장을 태운다. 어느 날, 한 소녀가 살해 당하고 어처구니없이 도준이 범인으로 몰린다. 아들을 구하기 위해 백방으로 뛰는 엄마. 하지만 경찰은 서둘러 사건을 종결 짓고 무능한 변호사는 돈만 밝힌다. 결국 아들을 구하기 위해 믿을 사람 하나 없이 범인을 찾아나선 엄마. 도준의 혐의가 굳어져 갈수록 엄마 또한 절박해져만 간다.",2009-05-28,2980000,7.8,1,111,/19eXkXcamEkZsxS3YHRBKIn09rr.jpg,/mnNkHbs2onvP54zND5c1Ah5Usaa.jpg,kJ322xrnBDM,,mQO8XVO
19,269494,끝까지 간다,"어머니의 장례식 날, 급한 연락을 받고 경찰서로 향하던 형사 고건수.  아내의 이혼 통보, 갑작스런 내사 소식까지,  스트레스 폭발 직전의 건수는 실수로 사람을 치는 사고를 일으키고 만다.  되돌릴 수 없는 상황! 어떻게든 모면해야 하는 건수는  누구도 찾을 수 없는 곳, 바로 어머니의 관 속에 시체를 숨기는데...",2014-05-29,3450000,7.1,0,135,/2MCy07o0FHQYjigKim5bHF78267.jpg,/iuro932kXoNkguoRD49PlfYPHOE.jpg,H8-FPkguiKE,80013285,mOPoEMa
20,438798,프리즌,"밤이 되면 죄수들이 밖으로 나가 대한민국 완전범죄를 만들어내는 교도소  그 교도소의 권력 실세이자 왕으로 군림하는 익호(한석규).  그 곳에 검거율 100%로 유명한 전직 경찰 유건(김래원)이 뺑소니, 증거인멸, 경찰 매수의 죄목으로  입소하게 되고, 특유의 깡다구와 다혈질 성격으로 익호의 눈에 띄게 된다.  익호는 유건을 새로운 범죄에 앞세우며 점차 야욕을 내보이는데 …  세상을 움직이는 놈들은 따로 있다  감옥 문이 열리면 큰 판이 시작된다!",2017-03-23,2930000,7.0,1,126,/3DdfSeK5lsN2te3c359ewac0cBB.jpg,/ApdZVriA4vnMJaHZYksTTkjkFbK.jpg,ncaXSqRpvz4,80177865,mOo0PKZ
21,497370,마약왕,"마약도 수출하면 애국이 되던 1970년대 대한민국, 하급 밀수업자였던 이두삼은 우연히 마약 밀수에 가담했다가 마약 제조와 유통 사업에 본능적으로 눈을 뜨게 되면서 사업에 뛰어든다. 뛰어난 눈썰미, 빠른 위기대처능력, 신이 내린 손재주로 단숨에 마약업을 장악한 이두삼. 사업적인 수완이 뛰어난 로비스트 김정아가 합류하면서 그가 만든 마약은 '메이드인 코리아'라는 브랜드를 달게 된다. 마침내 이두삼은 대한민국을 넘어 아시아까지 세력을 확장하며 백색 황금의 시대를 열게 된다 한편, 마약으로 인해 세상은 점점 불안해지기 시작하고 승승장구하는 이두삼을 주시하는 한 사람 김인구가 움직이기 시작하는데…",2018-12-19,1860000,6.3,1,128,/vXqDNIp7CrUpkcBc8eMBtDPch4J.jpg,/4PS3QS70Jt1WHhgYXGeogTUjl1G.jpg,A4ewtUIqt88,80236133,
22,11344,달콤한 인생,"서울 하늘 한 켠, 섬처럼 떠 있는 한 호텔의 스카이라운지. 그 곳은 냉철하고 명민한 완벽주의자 선우의 작은 성이다. 왜라고 묻지 않는 과묵한 의리, 빈틈 없는 일 처리로 보스 강사장의 절대적 신뢰를 획득, 스카이라운지의 경영을 책임지기까지, 그는 꼬박 7년의 세월을 바쳤다. 룰을 어긴 자는 이유를 막론하고 처단하는 냉혹한 보스 강사장. 그런 그에게는 남들에게 말 못 할 비밀이 하나 있다. 젊은 애인 희수의 존재가 바로 그것. 그녀에게 딴 남자가 생긴 것 같다는 의혹을 가진 강사장은 선우에게 그녀를 감시, 사실이면 처리하라고 명령하는데...",2005-03-31,1110000,7.5,1,125,/1BAw7TCTHB7wYTUk6L9UG9snPoe.jpg,/tlhYcmoTRzXsFUwL0axRAInmXjF.jpg,9zGzAdQugm8,,
23,124157,도둑들,"한 팀으로 활동 중인 한국의 도둑 뽀빠이와 예니콜, 씹던껌, 잠파노. 미술관을 터는데 멋지게 성공한 이들은 뽀빠이의 과거 파트너였던 마카오박이 제안한 홍콩에서의 새로운 계획을 듣게 된다. 여기에 마카오박이 초대하지 않은 손님, 감옥에서 막 출소한 금고털이 팹시가 합류하고 5명은 각자 인생 최고의 반전을 꿈꾸며 홍콩으로 향한다.  홍콩에서 한국 도둑들을 기다리고 있는 4인조 중국도둑 첸, 앤드류, 쥴리, 조니. 최고의 전문가들이 세팅된 가운데 서로에 대한 경계를 늦추지 않는 한국과 중국의 도둑들. 팽팽히 흐르는 긴장감 속에 나타난 마카오박은 자신이 계획한 목표물을 밝힌다. 그것은 마카오 카지노에 숨겨진 희대의 다이아몬드. 성공을 장담할 수 없는 위험천만한 계획이지만 2천만 달러의 달콤한 제안을 거부할 수 없는 이들은 태양의 눈물을 훔치기 위한 작업에 착수한다. 그러나 진짜 의도를 알 수 없는 비밀스런 마카오박과 그런 마카오박의 뒤통수를 노리는 뽀빠이, 마카오박에게 배신당한 과거의 기억을 잊지 못하는 팹시와 팀보다 눈 앞의 현찰을 먼저 챙기는 예니콜, 그리고 한국 도둑들을 믿지 않는 첸과 중국 도둑들까지. 훔치기 위해 모였지만 목적은 서로 다른 10인의 도둑들은 서서히 자신만의 플랜을 세우기 시작하는데…",2012-07-25,12980000,6.7,0,127,/ujIHEzt2EEboVzjQoWZBMYdAt1v.jpg,/h1vNqJzPCTPg9Hhfxtv2XdE6Pna.jpg,seGzMn5qu2M,70259456,mOAgnP5
24,13855,추격자,"출장안마소를 운영하는 전직 형사 중호. 최근 데리고 있던 여자들이 잇달아 사라지는 일이 발생하던 중 조금 전 나간 미진을 불러낸 손님의 전화 번호와 사라진 여자들이 마지막으로 통화한 번호가 일치함을 알아낸다. 연락이 두절된 미진을 찾아 헤매던 중 우연히 옷에 피가 묻은 영민과 마주치고, 추격 끝에 그를 붙잡는다. 실종된 여자들을 모두 죽였다는 충격적인 고백을 담담히 털어 놓는 영민에 의해 경찰서는 발칵 뒤집어진다. 공세우기에 혈안이 된 경찰은 미진의 생사보다는 증거를 찾기에만 급급해 하고, 미진이 살아 있다고 믿는 단 한 사람인 중호는 미진을 찾아 나서는데...",2008-02-14,5040000,7.8,1,134,/4bWVILPrb7gaqwA2j6xIcg4Ak3D.jpg,/gopKs6GQ47YcLsjIDGnnr9c9xnK.jpg,z9xNRYoUYFU,70095142,mAd7k2d
25,165213,신세계,"경찰청 수사기획과 강과장은 국내 최대 범죄 조직 골드문이 기업형 조직으로 세력이 확장되자 신입경찰 이자성에게 잠입수사를 명한다. 그리고 8년, 자성은 골드문의 2인자 정청의 오른팔이 되기에 이른다. 골드문 회장이 갑자기 사망하자, 강과장은 후계자 결정에 직접 개입하는 신세계 작전을 설계한다. 후계자 전쟁의 한 가운데, 정청은 지금까지 친형제처럼 함께 해 온 자성에게 강한 신뢰를 보는 반면 작전의 성공만 생각하는 강과장은 자성의 목을 조여만 간다. 신분이 노출될 위기에 처한 자성은 언제 자신을 배신할지 모르는 경찰과, 형제의 의리로 대하는 정청 사이에서 갈등하게 되는데...",2013-02-21,4680000,7.4,1,125,/yiDQaLGF6hXVdiKodfdurUcgxWV.jpg,/zPo7SQ20IqcZK6JPjCWg2GzOCQp.jpg,rvLMVcRkRfY,70270998,
26,437078,침묵,"재력과 사랑, 세상을 다 가진 남자 임태산. 모든 것이 완벽히 행복하다 믿었던 그 날, 약혼녀이자 유명 가수인 유나가 살해 당하고, 용의자로 딸 임미라가 지목된다. 세간의 이목이 집중된 사건. 임태산은 그날의 일을 기억하지 못하는 딸을 무죄로 만들기 위해 자신만의 방식으로 사건을 쫓기 시작한다. 그리고 최고의 변호인단을 마다한 채, 미라의 무죄를 믿고 보듬어줄 젊은 변호사 최희정을 선임한다. 미라가 기억하지 못하는 시간을 둘러싼 치열한 법정 공방, 하지만 사라진 그날의 CCTV 영상을 갖고 있는 유나의 팬 김동명의 존재가 드러나며 사건은 예상치 못한 방향으로 흘러가는데...",2017-11-02,490000,7.1,0,114,/ywocEJRzyyLAuzuqRFS4V60U6Mo.jpg,/xxKydwuEO4Fb7D3HvABje80Nwm1.jpg,SLuxPto-2SE,80223741,
27,585831,나쁜 녀석들: 더 무비,"교도소 호송차량이 전복되고 최악의 범죄자들이 탈주하는 사상 초유의 사건이 발생한다. 이에 경찰은 수감 중인 범죄자가 흉악범을 잡는 극비 프로젝트인 ‘특수범죄수사과’를 다시 소집한다. 오구탁 반장은 과거 함께 활약했던 전설의 주먹 박웅철을 찾아가고, 감성 사기꾼 곽노순과 전직 형사 고유성을 영입해 새로운 팀을 구성한다. 새로운 멤버들이 합류해 더욱 강력하고 치밀하고 독해진 나쁜 녀석들. 이 사건을 파헤칠수록 배후에 거대한 범죄조직이 있다는 것을 직감한 그들은 더 나쁜 놈들을 소탕하기 위해 움직이기 시작하는데…",2019-09-11,4570000,6.8,0,115,/m8jIFKcZK8MiEf79O8f3BrI5IUz.jpg,/rv3I0XnncLrZWCO6SUk0OeOtq8a.jpg,1OJZSa5258A,,mOAGn1P
28,554972,성난황소,"거칠었던 과거를 벗어나 수산시장에서 건어물 유통을 하며 건실하게 살던 동철. 어느 날 아내 지수가 납치되고, 경찰에 신고를 하지만 그녀의 행방은 묘연하기만 하다. 그리고 동철에게 걸려 온 납치범의 전화. 오히려 지수를 납치한 대가로 거액의 돈을 동철에게 주겠다는 파격 제안을 하고, 이에 폭발한 동철은 지수를 구하기 위해 움직이기 시작하는데…",2018-11-22,1590000,7.5,0,123,/xiVHlQ4aUyeQQFngyGEounzcYlX.jpg,/p0YuPELNr3781OWH7xikPiBCJDr.jpg,u3CwwMJtgdk,81044647,m533QPj
29,57361,황해,"연변에서 택시를 모는 구남은 빚더미에 쌓여 구질구질한 일상을 살아간다. 한국으로 돈 벌러 간 아내는 6개월째 소식이 없고, 돈을 불리기 위해 마작판에 드나들지만 항상 잃을 뿐이다. 어느 날 살인청부업자 면가에게서 한국 가서 사람 한 명 죽이고 오라는 제안을 받는다. 절박한 현실에서 선택의 여지가 없는 구남은 빚을 갚기 위해, 그리고 아내를 만나기 위해 황해를 건넌다. 매서운 바다를 건너 서울로 온 구남은 틈틈이 살인의 기회를 노리면서 동시에 아내의 행방을 수소문하지만, 자신의 눈 앞에서 목표물이 살해 당하는 것을 목격한 구남은 누명을 쓴 채 경찰의 추적을 피해 도망 친다.",2010-12-22,2260000,7.3,1,114,/nuZvoEcYkIIQLMIMbQ72dmlyDJD.jpg,/lnxXvGylX41RRTuSXIEM7P0eBYu.jpg,eZ9cUe0j9l8,,m5awavO
30,451997,불한당: 나쁜 놈들의 세상,"범죄조직의 1인자를 노리는 재호와 세상 무서운 것 없는 패기 넘치는 신참 현수는 교도소에서 만나 서로에게 끌리고 끈끈한 의리를 다져간다. 출소 후, 함께 권력을 차지하기 위해 의기투합하던 중, 두 사람의 숨겨왔던 야망이 조금씩 드러나고, 서로에 대해 새로운 사실을 알게 되면서 그들의 관계는 흔들리기 시작하는데…",2017-05-17,960000,7.2,1,139,/bW9tePApxcM2QmvOgeEfQippM2I.jpg,/zJ2uTOvMJOZu97L1EVo5HqdEdsN.jpg,cRvlmnrWBXc,,mWwBMP3
31,574303,악질경찰,"뒷돈은 챙기고, 비리는 눈감고, 범죄는 사주하는 악질경찰 조필호, 급하게 목돈이 필요했던 그는 경찰 압수창고를 털 계획을 세운다. 그러나 사건 당일 밤, 조필호의 사주를 받아 창고에 들어간 한기철이 의문의 폭발사고로 죽게 되고, 필호는 유일한 용의자로 지목된다. 설상가상 거대기업의 불법 비자금 자료까지 타버려 검찰의 수사선상에도 오른다. 위기에서 벗어나기 위해 사건을 쫓던 중, 폭발사건의 증거를 가진 고등학생 미나와 엮이게 되고 빙산의 일각에 불과한 거대한 음모와 마주치게 되는데...",2019-03-20,260000,6.0,1,118,/mZLtd1fR4hpcyGVwOLM1ka1t8HX.jpg,/msq4zUf7hJDOhq7zhN5sR0kwI4s.jpg,YEKyOEXq23g,80244640,
32,432836,살인자의 기억법,"예전에는 연쇄살인범이었지만 지금은 알츠하이머에 걸린 병수. 우연히 접촉사고로 만나게 된 남자 태주에게서 자신과 같은 눈빛을 발견하고 그 역시 살인자임을 직감한다. 병수는 경찰에 그를 연쇄살인범으로 신고하지만 태주가 그 경찰이었고, 아무도 병수의 말을 믿지 않는다. 태주는 은희 곁을 맴돌며 계속 병수의 주변을 떠나지 않고, 병수는 혼자 태주를 잡기 위해 필사적으로 기록하고 쫓지만 기억은 자꾸 끊기고, 오히려 살인 습관들이 되살아나며 병수는 망상과 실제 사이에서 혼란스러워진다.  다시 시작된 연쇄 살인사건, 놈의 짓이 맞을까!",2017-09-07,2650000,7.4,0,108,/wZsBxVlonVjztIBVbquw6uDgYHW.jpg,/nZsBcn0SLhHCCNjbewJ9M16xH4S.jpg,kCatTbXRByM,,mOk6ENg
34,59421,김복남 살인 사건의 전말,은행에서 비정규직으로 일하는 해원은 휴가를 받아 어렸을 때 잠시 머물렀던 무도로 향한다. 어릴 적 친구 복남이 해원을 환대하지만 다른 섬주민들은 해원의 방문이 반갑지만은 않다. 복남의 배려로 편안한 휴가를 즐기며 서울에서의 스트레스를 잊어가던 해원에게 어느 날 부터인가 노예처럼 학대받고 사는 복남의 섬 생활이 보이기 시작하는데...,2010-09-02,160000,7.2,1,156,/ucRS5itC1Ea4kgg8h8QBlCo3qnG.jpg,/ca0E776V4Z86Smvvd0842p43hjL.jpg,rtAyPk0WM5Y,,
35,89501,범죄와의 전쟁: 나쁜놈들 전성시대,"1982년 부산, 해고될 위기에 처한 비리 세관원 최익현은 순찰 중 적발한 히로뽕을 일본으로 밀수출하기 위해 부산 최대 조직의 젊은 보스 최형배와 손을 잡는다. 익현은 탁월한 임기응변과 특유의 친화력으로 형배의 신뢰를 얻는 데 성공한다. 주먹 넘버원 형배와 로비의 신 익현은 함께 힘을 합쳐 부산을 접수하기 시작하고, 나쁜 놈들의 전성시대가 펼쳐진다. 하지만 1990년 범죄와의 전쟁이 선포되자 조직의 의리는 금이 가고 배신이 시작된다. 살아남기 위해 벌이는 치열한 한판 승부, 최후에 웃는 자는 과연 누가 될 것인가?",2012-02-02,4720000,6.9,1,115,/4tJYmvn7VgDsrAYHgB3qebVWTut.jpg,/ibk7vtPsirbk0wIJEmHLF0vwcyi.jpg,zPRFKk3gYBE,81105888,mWv1lb5
36,293413,내부자들,"유력한 대통령 후보와 재벌 회장, 그들을 돕는 정치깡패 안상구. 뒷거래의 판을 짠 이는 대한민국 여론을 움직이는 유명 논설주간 이강희다. 더 큰 성공을 원한 안상구는 이들의 비자금 파일로 거래를 준비하다 발각되고, 이 일로 폐인이 되어 버려진다. 늘 승진을 눈 앞에 두고 주저 앉는 검사 우장훈는 마침내 대선을 앞둔 대대적인 비자금 조사의 저격수가 되는 기회를 잡는다. 그러나 비자금 파일을 가로챈 안상구 때문에 수사는 종결되고, 우장훈은 책임을 떠안고 좌천되고 마는데...",2015-11-19,7070000,6.9,1,123,/AvMbd9rvH6cpbhXc1YTQsdc9bAh.jpg,/tg98JJOiswyEHErckhSXLdx9SCA.jpg,UCduDb1Pb0A,80092929,mW4La3e
37,346646,베테랑,"한 번 꽂힌 것은 무조건 끝을 보는 행동파 서도철은 겁 없고, 못 잡는 것 없고, 봐주는 것 없는 특수 강력사건 담당 광역수사대. 오랫동안 쫓던 대형 범죄를 해결한 후 숨을 돌리려는 찰나, 서도철은 재벌 3세 조태오를 만나게 된다. 세상 무서울 것 없는 안하무인의 조태오와 언제나 그의 곁을 지키는 오른팔 최상무. 서도철은 의문의 사건을 쫓던 중 그들이 사건의 배후에 있음을 직감한다. 건들면 다친다는 충고에도 불구하고 포기하지 않는 서도철의 집념에 판은 걷잡을 수 없이 커져가고, 조태오는 이를 비웃기라도 하듯 유유히 포위망을 빠져 나가는데...",2015-08-05,13410000,6.9,0,133,/vPFqA1KxYaVJg6foIuRIawGaH5d.jpg,/aQPzzFpddeWaMuJgPDXEqVmqITA.jpg,hcKp68DtBb0,,mObGGj7
38,23538,비열한 거리,"삼류조폭조직의 2인자 병두. 조직의 보스와 치고 올라오는 후배들 틈에서 제대로 된 기회한번 잡지 못하는 그는, 조직 내에서도 하는 일이라곤 떼인 돈 받아주기 정도인 별볼일 없는 인생이다. 병든 어머니와 두 동생까지 책임져야 하는 그에게 남은 것은 쓰러져가는 철거촌 집 한 채 뿐. 삶의 무게는 스물아홉 병두의 어깨를 무겁게 짓누른다.  어렵사리 따낸 오락실 경영권마저 보스를 대신에 감방에 들어가는 후배에게 뺏긴 병두는 다시 한번 절망에 빠지지만, 그런 그에게도 기회가 온다. 조직의 뒤를 봐주는 황회장이 은밀한 제안을 해온 것. 황회장은 미래를 보장할 테니 자신을 괴롭히는 부장검사를 처리해달라는 부탁을 한다. 병두, 고심 끝에 위험하지만 빠른 길을 선택하기로 한다.  황회장의 손을 잡음으로써 가족들의 생계를 걱정하지 않아도 되게 된 병두는 영화감독이 되어 자신을 자신을 찾아온 동창 민호와의 우정도, 첫사랑 현주와의 사랑도 키워나가며 이제야 인생을 사는 것 같다는 생각을 한다. 그렇게 새로운 삶에 대한 꿈을 키워나가던 어느 날, 병두는 동창 민호에게 그 누구에게도 털어놓지 못했던 속내를 털어놓게 되는데…",2006-06-15,1820000,7.0,1,130,/pUwY1vftUyxJvae8bHq861o114T.jpg,/nHeUqmbEjtth8XqaTgyw85WNXBQ.jpg,9h_uNY1roEg,,mVWzEB5
40,61062,부당거래,"온 국민을 충격으로 몰아넣은 연쇄 살인 사건. 계속된 검거 실패로 대통령이 직접 사건에 개입하고, 수사 중 용의자가 사망하는 사고가 발생하자 경찰청은 마지막 카드를 꺼내든다. 가짜 범인을 만들어 사건을 종결 짓는 것. 사건의 담당인 광역수사대 최철기는 승진을 보장해주겠다는 상부의 조건을 받아들이고 사건에 뛰어들게 된다. 그는 스폰서인 해동 장석구를 이용해 배우를 세우고 대국민을 상대로 한 이벤트를 완벽하게 마무리 짓는다. 한편 부동산 업계의 큰 손 태경 김회장으로부터 스폰을 받는 검사 주양은 최철기가 입찰 비리건으로 김회장을 구속시켰다는 사실에 분개해 그의 뒤를 캐기 시작하는데...",2010-10-28,2720000,6.4,1,98,/8pzZhhiHaeo0vI9oNWhDvWmkNKz.jpg,/hnOWXCZLXyafZwDevFXdxTfajiP.jpg,j-E6YolRgB4,,mWvkKMO
41,50475,용서는 없다,"과학수사대 최고의 실력파 부검의 강민호 교수(설경구). 유일한 가족인 딸과 함께 더 많은 시간을 보내기 위해 일을 정리하던 그는 마지막 사건을 의뢰 받는다. 바로 금강에서 발견된 토막살해사건. 여섯 조각난 아름다운 여성의 시체, 한쪽 팔마저 사라진 전대미문의 사건이다. 뛰어난 추리력과 행동력을 지닌 열혈 여형사 민서영(한혜진)의 추리로 용의자는 이성호(류승범)로 압축된다.  이성호는 친환경생태농업을 전파하며 검소하게 살아가고 있는 환경운동가로 지역 주민들의 존경을 한 몸에 받고 있는 인물이다. 형사들에 의해 순순히 경찰서로 끌려온 이성호는 새만금 간척 사업을 반대하기 위한 퍼포먼스로 살인을 저질렀다고 당당하게 진술한다. 이성호의 자백으로 수사는 급물살을 타는 듯 싶지만, 번번이 예상을 빗나가는 증거들로 수사팀은 사건 해결에 애를 먹는다.  민서영과 강력반 형사들이 결정적인 증거를 찾아 동분서주하는 가운데, 강민호의 딸이 사라지는 사건이 발생한다. 딸의 실종에 이성호가 관계되어 있음을 알게 된 강민호는 그를 찾아가고, 이성호는 자신이 시체에 남긴 단서와 비밀을 알아낸다면 딸을 살려줄 수 있다며 위험한 거래를 제안한다.  딸의 목숨을 구하기 위해 시체에 남겨진 단서를 추적해야 하는 부검의와 연쇄 살인을 예고하는 비밀을 간직한 살인마의 피할 수 없는 대결이 시작된다.",2010-01-07,1120000,7.5,1,126,/xEgKOxxoKy4IiK3rUBTOdzCs234.jpg,/7sLysimtbhja8aJI3qGgUSAtTBQ.jpg,_2hiqv57RUU,,mOl4zQO
42,42506,하녀,"주인공인 그(김진규 분)는 아내(주증녀 분)와 다리가 불편한 딸, 그리고 아들(안성기 분)과 행복하게 살면서 방직공장에서 음악을 가르치는 음악선생이자 작곡가이다. 또한 그는 방직공장의 여공들 사이에서 인기가 높다. 그러던 어느 날 그의 집에 가정부(이은심 분)가 들어오고 집에는 이상한 분위기가 감돈다. 그는 아내 몰래 가정부와 불의의 관계를 맺는다. 그런데 가정부는 이상성격의 소유자로 그를 협박한다. 이렇게 한 지붕 아래서 남편과 아내, 그리고 가정부 이들의 기묘한 동거가 시작되는데...  줄거리 2. 방직 공장의 음악부 선생 동식은 여공 선영에게 연애편지를 받자 이 사실을 사감에게 알린다. 이 일로 선영은 공장을 그만두고, 그녀의 친구 경희는 모종의 결심을 하고 동식의 집으로 피아노 레슨을 받으러 온다. 새 집으로 이사한 후 아내의 몸이 쇠약해지자 동식은 경희에게 부탁해 하녀를 소개받는다. 임신한 아내가 친정에 다니러 간 사이 경희는 동식에게 사랑을 고백하고, 이 모습을 창 밖에서 몰래 지켜보던 하녀는 동식을 유혹해 육체 관계를 맺는다. 3개월 후 하녀의 임신 사실을 알게 된 아내는 하녀를 설득해 낙태를 하게 하고, 이후 하녀의 집요한 복수가 시작된다.",1960-11-03,2260000,7.2,1,104,/f0jIIOyUnnebwoMJ5W4ZbkU7CS.jpg,/6EMJitcQFS2794HoxVOe0YESUvz.jpg,6gb6UZQ6_64,,
43,297721,강남 1970,"호적도 제대로 없는 고아로, 넝마주이 생활을 하며 친형제처럼 살던 종대와 용기. 유일한 안식처였던 무허가촌의 작은 판자집마저 빼앗기게 된 두 사람은 건달들이 개입된  전당대회 훼방 작전에 얽히게 되고 그 곳에서 서로를 잃어버린다.  3년 후, 자신을 가족으로 받아 준 조직 두목 출신 길수의 바람과 달리, 잘 살고 싶다는 꿈 하나로 건달 생활을 하게 되는 종대. 정보와 권력의 수뇌부에 닿아있는 복부인 민마담과 함께 강남 개발의 이권다툼에 뛰어든 종대는 명동파의 중간보스가 된 용기와 재회하고, 두 사람은 정치권까지 개입된 의리와 음모, 배신의 전쟁터. 그 한 가운데에 놓이게 되는데…",2015-01-31,2190000,6.9,1,119,/fMqPvxSasMuG8HLqGAxz6gbiPYW.jpg,/4wYe5gZ6HsNRVEVWHaqLxJLMxOd.jpg,Z7R5HQOMH7o,80033778,m5NVVwR
44,563103,도어락,"오피스텔에 혼자 살고 있는 평범한 직장인 경민. 퇴근 후 집에 돌아온 경민은 원룸의 도어락 덮개가 열려있는 것을 발견한다. 불안한 마음에 도어락 비밀번호를 변경해보지만 그날 밤, 잠들기 전 문 밖에서 들리는 소리 '삐-삐-삐-삐- 잘못 누르셨습니다'  공포감에 휩싸인 경민은 경찰에 신고를 하지만 그들은 경민의 잦은 신고를 귀찮아 할 뿐, 대수롭지 않게 여긴다. 그리고 얼마 뒤, 경민의 원룸에서 낯선 사람의 침입 흔적과 함께 의문의 살인 사건이 발생하고 자신도 안전하지 않음을 직감한 경민은 직접 사건의 실체를 쫓게 되는데...",2018-12-05,1560000,7.4,0,125,/AbQGbP8QsUse2LuEh0zkWwU14Pq.jpg,/joVyZRCxd22LFQWFKecyxQCaoYi.jpg,Psh-atEcV0s,81107693,
46,542836,협상,"어떠한 상황에서도 냉철함을 잃지 않던 최고의 협상가 하채윤은 긴급 투입된 현장에서 인질과 인질범 모두 사망하는 사건을 겪고 충격에 휩싸인다. 그로부터 10일 후, 경찰청 블랙리스트에 오른 국제 범죄조직의 무기 밀매업자 민태구가 태국에서 한국 경찰과 기자를 납치하고 그녀를 협상 대상으로 지목한다. 이유도 목적도 조건도 없이 사상 최악의 인질극을 벌이는 민태구와 그를 멈추기 위해 한치도 물러설 수 없는 협상가 하채윤. 남은 시간 12시간, 목숨을 건 일생일대의 협상이 시작된다!",2018-09-19,1960000,7.0,0,123,/imd5SWNlfs0uoaDftLvb9ZlgLKr.jpg,/pEHgA6Nxr7uHxacsLxwQfRjx5pK.jpg,gPFsCzBMaJw,,m5QqAPG
47,382220,마스터,"화려한 언변, 사람을 현혹하는 재능, 정관계를 넘나드는 인맥으로 수만 명 회원들에게 사기를 치며 승승장구해 온 원네트워크 진회장. 반년간 그를 추적해 온 지능범죄수사팀장 김재명은 진회장의 최측근인 박장군을 압박한다. 원네트워크 전산실 위치와 진회장의 로비 장부를 넘기라는 것. 뛰어난 프로그래밍 실력과 명석한 두뇌로 원네트워크를 키워 온 브레인 박장군은 계획에 차질이 생긴 것을 감지하자 빠르게 머리를 굴리기 시작한다. 진회장은 물론 그의 뒤에 숨은 권력까지 모조리 잡기 위해 포위망을 좁혀가는 재명,  오히려 이 기회를 틈타 돈도 챙기고 경찰의 압박에서도 벗어날 계획을 세우는 장군. 하지만 진회장은 간부 중에 배신자가 있음을 눈치채고, 새로운 플랜을 가동하는데…",2016-12-21,7140000,7.0,0,106,/ebJHlPpLKi4giADhtLhYoV3hV6Q.jpg,/9FRAksq0NtSgYEL9qq2IcUIaHdd.jpg,IDL-hyjxxM0,,mdBzraD
48,518963,독전,"아시아 최대 마약 조직 산하에 있는 마약 제조 공장에서 의문의 폭발 사고가 발생한다. 목숨을 잃을 뻔했던 조직의 후견인 연옥은 배신감을 느끼고, 조직의 수장 이 선생을 오랫동안 쫓아왔던 형사 원호를 직접 찾아가 중요한 정보를 흘린다. 유일한 생존자였던 락은 조직으로부터 버림받은 후 원호의 수사에 적극적으로 협조하기로 한다. 두 사람은 이 선생과 거래를 할 예정이었던 진하림과 헌신적인 조직원 선창 사이를 오가며 이 선생의 실체에 조금씩 다가간다. 그리고 원호와 락 앞에 거물급 조직 인사 브라이언이 모습을 드러낸다.",2018-05-22,5200000,7.3,0,106,/dOVLy8K0hBFsxW2whcuTDPWrdlZ.jpg,/lZXR6qKNUwE0cpM38J7kf6chebF.jpg,lH0s72RhBzY,,mWLjDm6
50,378348,검사외전,"거친 수사 방식으로 유명한 다혈질 검사 ‘변재욱’. 취조 중이던 피의자가 변사체로 발견 되면서 살인 혐의로 체포된다. 꼼짝없이 살인 누명을 쓰게 된 '변재욱'은 결국 15년 형을 받고 수감 된다.  감옥에서 복수의 칼을 갈던 재욱. 5년 후, 자신이 누명을 쓰게 된 사건에 대해 알고 있는 허세남발 꽃미남 사기꾼 ‘치원’을 우연히 만나게 되고, 그 순간 감옥 밖 작전을 대행해 줄 선수임을 직감한다. 검사 노하우를 총 동원, 치원을 무혐의로 내보내고 반격을 준비하는 재욱. 하지만 자유를 얻은 치원은 재욱에게서 벗어날 기회만 호시탐탐 노리는데…",2016-02-03,9700000,7.1,0,117,/mhX0CHQXrwJ6WirIF8G2TqESqdE.jpg,/tn2qbaIGMBZ2iQLT1jZMnmSdA1N.jpg,f9eCW428V3A,80099081,m5DGE4B
51,478187,꾼,"대한민국을 발칵 뒤집어 놓은 ‘희대의 사기꾼’ 장두칠이 돌연 사망했다는 뉴스가 발표된다.  그러나 그가 아직 살아있다는 소문과 함께  그를 비호했던 권력자들이 의도적으로 풀어준 거라는 추측이 나돌기 시작한다.  사기꾼만 골라 속이는 사기꾼 지성(현빈)은 장두칠이 아직 살아있다며  사건 담당 검사 박희수(유지태)에게 그를 확실하게 잡자는 제안을 한다.  박검사의 비공식 수사 루트인 사기꾼 3인방 고석동(배성우), 춘자(나나), 김 과장(안세하)까지 합류시켜  잠적한 장두칠의 심복 곽승건(박성웅)에게 접근하기 위한 새로운 판을 짜기 시작한다.  하지만 박검사는 장두칠 검거가 아닌 또 다른 목적을 위해 은밀히 작전을 세우고,  이를 눈치 챈 지성과 다른 꾼들도 서로 속지 않기 위해 각자만의 계획을 세우기 시작하는데…  이 판에선 누구도 믿지 마라!  진짜 ‘꾼’들의 예측불가 팀플레이가 시작된다!",2017-11-22,4010000,6.8,0,137,/gsNBN2EGfC9Ghpu7igloiIuzrCA.jpg,/qTiLXkTKBPXpVE7aYQwZpd99DOA.jpg,eCOUzLZ_TPE,,
52,543753,상류사회,학생들에게 인기와 존경을 동시에 받는 경제학 교수 태준은 우연한 기회를 통해 촉망받는 정치 신인으로 국회의원 선거에 출마하게 된다. 한편 그의 아내이자 미래미술관의 부관장 수연은 재개관전을 통해 관장 자리에 오르려 한다. 그러나 수연의 미술품 거래와 태준의 선거 출마 뒤에 미래그룹과 민국당의 어두운 거래가 있었다는 것이 밝혀지고 두 사람은 완벽한 상류사회 입성을 눈앞에 두고 위기에 처한다. 이 기회를 절대 놓칠 수 없는 태준과 수연 부부는 민국당과 미래그룹에게 새로운 거래를 제안하게 되는데...,2018-08-29,760000,5.7,1,135,/6feljyK0fBrDDN6R2g61sSBJy2o.jpg,/jHrMfDXIvK73n239R2hAGRTFN0R.jpg,-u9Vvi30T_o,81026705,m5nQwly
53,606403,특송,예상치 못한 배송사고로 걷잡을 수 없는 사건에 휘말린 특송 전문 드라이버 은하. 어쩌다 맡게 된 반송 불가 수하물에 출처를 알 수 없는 300억까지. 경찰과 국정원의 타겟이 되어 도심 한복판 모든 것을 건 추격전을 벌이게 되는데…,2022-01-12,440000,6.6,0,141,/2mTwoa29q3xFmPZCDyRmDNufnfh.jpg,/3mYCjwll5RG342Dz1f8HcnT8tV.jpg,Yw2VsEi5Tro,,
54,568320,뺑반,"경찰 내 최고 엘리트 조직 내사과 소속 경위 은시연. 조직에서 유일하게 믿고 따르는 윤과장과 함께 F1 레이서 출신의 사업가 정재철을 잡기 위해 수사망을 조여가던 시연은 무리한 강압 수사를 벌였다는 오명을 쓰고 뺑소니 전담반으로 좌천된다. 알고 보면 경찰대 수석 출신, 만삭의 리더 우계장과 차에 대한 천부적 감각을 지닌 에이스 순경 서민재. 팀원은 고작 단 두 명, 매뉴얼도 인력도 시간도 없지만 뺑소니 잡는 실력만큼은 최고인 뺑반. 계속해서 재철을 예의주시하던 시연은 뺑반이 수사 중인 미해결 뺑소니 사건의 유력한 용의자가 재철임을 알게 된다. 뺑소니 친 놈은 끝까지 쫓는 뺑반 에이스 민재와 온갖 비리를 일삼는 재철을 잡기 위해 모든 것을 건 시연. 하나의 목표를 향해 힘을 합친 그들의 팀플레이가 시작되는 가운데 방법을 가리지 않고 수사망을 빠져 나가려는 통제불능 스피드광 재철의 반격 역시 점점 과감해지는데…!",2019-01-30,1820000,7.3,0,132,/wyu2vlvX0a7Pe1QRz02aEfklxFo.jpg,/gFwJi6z8uh7SNbT5bUZdwfhhqR1.jpg,aSu0bAYWgMQ,81105953,mOPoVlX
55,31850,똥파리,"동료든 적이든 가리지 않고 욕하고 때리며 자기 내키는 대로 살아 온 용역 깡패 상훈. 세상 무서울 것 없는 상훈이지만, 그에게도 마음 속에 쉽게 떨쳐내지 못할 깊은 상처가 있다. 바로 ‘가족’이라는 이름이 남긴 슬픔이다. 그러던 어느 날, 우연히 길에서 여고생 연희와 시비가 붙은 상훈. 자신에게 전혀 주눅들지 않고 대드는 깡 센 연희가 신기했던 그는 이후 연희와 가까워지고 그녀에게 묘한 동질감을 느낀다. 그렇게 조금은 평화로운 일상을 보내던 어느 날, 아버지가 15년 만에 출소하면서 상훈은 격한 감정에 휩싸이는데….",2009-04-16,120000,7.2,1,116,/7lDTrYKPJpXrQHh10QU21qmKbt9.jpg,/nMxucwkm4dAT7kfxV98dXqs6P0w.jpg,9zzcGQkuTs4,,mZ5e09d
57,25647,숨,"죽음이 얼마 남지 않은 사형수 장진은 날카로운 송곳으로 자신의 목을 찔러 자살을 시도한다. 죽음을 앞당기려는 그의 노력에도 불구하고 결국 목소리만 잃은 채 다시 교도소로 돌아온다. 돌아온 그곳에서 기다리는 것은 그를 사랑하는 어린 죄수. 하지만 장진에게 이 생에 남아있는 미련은 아무것도 없다.  부족함이 없어 보이는 연의 삶은 남편의 외도를 알게 되면서 어긋나기 시작한다. 우연히 TV에서 사형수 장진의 뉴스를 본 연은 그에게 묘한 연민의 정을 느끼고 그를 만나기 위해 교도소로 향한다. 자신이 어린 시절 경험했던 죽음의 순간을 사형수 장진에게 털어놓으며 닫아 두었던 마음의 문을 열게 되는데....  연은 장진을 위해 해줄 수 있는 것을 찾고, 사계절을 선물하기로 마음 먹는다. 죽음 외에는 가진 것이 없던 장진에게 삶의 온기를 다시 불어 넣어주는 연. 계속되는 만남을 통해 둘은 단순한 욕망 이상의 감정을 갖게 되지만 연의 남편은 두 사람의 관계를 알아채고 이들의 사랑을 막기 시작한다.",2007-04-26,7592,6.7,0,120,/cCsNLAeMKTe22YhFfbDXdqiloZT.jpg,/3Wr9M9Pee1kLgfbRSrG0LHy0GsP.jpg,GioSXPCD88Q,,
58,300433,기술자들,"뛰어난 두뇌의 금고털이이자 작전의 설계는 물론 모든 위조에 능한 멀티플레이어 지혁, 절친한 형이자 인력 조달 전문 바람잡이 구인과 함께 어떤 보안 시스템도 순식간에 뚫어버리는 업계 최연소 해커 종배와 손잡고 기막힌 솜씨로 철통 보안을 자랑하는 보석상을 털며 순식간에 업계에 이름을 날린다. 이들을 눈 여겨 본 재계의 검은 손 조사장은 자신이 벌일 큰 판에 지혁 일당을 끌어들인다. 조사장이 설계한 작전은 동북아 최고의 보안 시스템을 자랑하는 인천 세관에 숨겨진 고위층의 검은 돈 1,500억. 주어진 시간은 단 40분. 클래스가 다른 기술자들의 역대급 비즈니스가 지금 시작된다!",2014-12-24,2560000,6.9,0,163,/tcGkh7ot6qfj99i9VdiJSzymkmI.jpg,/s80FUhCa8T62a45OqYYFX00vLXP.jpg,B1ajFvkkqFQ,80031040,
59,38015,타짜,"가구공장에서 일하며 남루한 삶을 사는 고니는 대학보다 가난을 벗어나게 해줄 돈이 우선인 청년. 어느 날 고니는 가구공장 한 켠에서 박무석 일행이 벌이는 화투판에 끼게 되지만, 고니는 그 판에서 3년 동안 모아두었던 돈 전부를 날리고 만다. 그것이 전문 도박꾼들이 짜고 친 판이었단 사실을 뒤늦게 안 고니는 박무석 일행을 찾아 나서고, 도박으로 시비가 붙은 한 창고에서 우연인 듯 필연처럼 전설의 타짜 평경장을 만난다. 그리고 잃었던 돈의 다섯 배를 따면 화투를 그만두겠단 약속을 하고, 그와 함께 본격적인 꽃싸움에 몸을 던지기 위한 동행길에 오른다.",2006-09-28,5685000,6.9,0,84,/qjCW5nggBaOFy2WhVraE4iSBzP3.jpg,/qBpup0yPaLPxmSu3TQHwchhqdFb.jpg,O3GuYkxOwNw,,m6dRLWy
60,544627,암수살인,"수감된 살인범 강태오는 형사 김형민에게 추가 살인을 자백한다. 형사의 직감으로 자백이 사실임을 확신하게 된 형민은, 태오가 적어준 7개의 살인 리스트를 믿고 수사에 들어간다. 태오의 추가 살인은 세상에 알려지지 않은 암수사건. 형민은 태오가 거짓과 진실을 교묘히 뒤섞고 있다는 걸 알게 되지만 수사를 포기하지 않는다. 그러나 다가오는 공소시효와 부족한 증거로 인해 수사는 난항을 겪게 되는데..",2018-10-03,3780000,6.7,0,106,/j2DhCOOfTv3xCLELreArzea9tRJ.jpg,/9p0vq4f44SioluXmb6JhuS3Gi6t.jpg,qzrQSLPSSGs,81105789,mWyJa2k
62,437633,리얼,"카지노 ‘시에스타’ 오픈을 앞둔 조직의 보스 장태영(김수현) 앞에  암흑가 대부 조원근(성동일)이 카지노의 소유권을 주장하며 나타난다.  조원근의 개입으로 카지노를 빼앗길 위기에 처한 장태영은  자금 문제를 해결하기 위해 투자자를 찾아 나선다.  어느 날, 이름뿐만 아니라 생김새마저 똑같은 의문의 투자자(김수현)가 나타나  자금은 물론 조원근까지 해결해주겠다는 제안을 한다.  의문의 투자자의 등장으로 조원근과 카지노를 차지하기 위한 전쟁이 시작되고  이들을 둘러 싼 거대한 비밀과 음모의 정체가 서서히 드러난다.  오직 진짜만이 모든 것을 갖는다!",2017-06-28,470000,5.2,1,97,/9olCCHvaM8Oij0BxoOo00jcKmW.jpg,/f3860b3DZk3Q7GsBnajqJr59dPG.jpg,QsOpBr9pQmQ,,m5eJyKL
63,408620,아수라,"강력계 형사 한도경은 이권과 성공을 위해 각종 범죄를 저지르는 악덕시장 박성배의 뒷일을 처리해주는 대가로 돈을 받는다. 악에 계속 노출되는 사이,  말기 암 환자인 아내의 병원비를 핑계로 돈 되는 건 뭐든 하는 악인의 길로 들어서게 된 한도경. 그의 약점을 쥔 독종 검사 김차인과 검찰 수사관 도창학은 그를 협박하고 이용해 박성배의 비리와 범죄 혐의를 캐려 한다. 각자의 이익과 목적을 위해 한도경의 목을 짓누르는 검찰과 박성배. 그 사이 태풍의 눈처럼 되어 버린 한도경은, 자신을 친형처럼 따르는 후배 형사 문선모를  박성배의 수하로 들여보내고, 살아남기 위해 혈안이 된 나쁜 놈들 사이에서 서로 물지 않으면 물리는 지옥도가 펼쳐진다.",2016-09-28,2590000,6.7,1,108,/8RyhWS3erZysYaOOgBrv335hn2x.jpg,/1Q9xEpkSTBgJISMZFLiPt96Jlhs.jpg,2HIZT4ZFejE,,m5YyM35
65,575754,비스트,"대한민국을 뒤흔든 희대의 살인사건이 발생하고, 수단과 방법을 가리지 않고 범인을 잡아온 강력반 에이스 한수는 후배 형사 종찬과 범인을 잡기 위해 수사를 시작한다. 한편, 마약 브로커 춘배는 살인을 은폐해주는 대가로 한수에게 살인마에 대한 결정적인 단서를 제공하고 한수의 라이벌 형사 민태가 이 사실을 눈치채면서 사건은 걷잡을 수 없는 방향으로 흘러가는데...",2019-06-26,200000,7.0,0,125,/sMcKRhmkahd6axTvdzKkpkVIm0R.jpg,/qN5XGUUGy2lOdazMVdVoMsx0B15.jpg,8jYvFq_oAbk,,
66,49087,이끼,"도시 생활에 염증을 느껴왔던 해국은 20년간 의절한 채 지내온 아버지 유목형의 부고 소식에 아버지가 거처해 온 시골 마을을 찾는다. 그런데 오늘 처음 해국을 본 마을 사람들은 하나같이 해국을 이유 없이 경계하고 불편한 눈빛을 던지는데...  아버지의 장례를 마치고 마련된 저녁식사 자리. 마치 해국이 떠나는 것을 축하하기 위해 모인 것 같은 마을사람들에게 해국은 '서울로 떠나지 않고 이 곳에 남아 살겠노라' 선언을 한다. 순간, 마을 사람들 사이에는 묘한 기류가 감돌고, 이들 중심에 묵묵히 있던 이장은 그러라며 해국의 정착을 허한다. 이장 천용덕의 말 한마디에 금세 태도가 돌변하는 마을사람들. 겉보기에는 평범한 시골 노인 같지만, 섬뜩한 카리스마로 마을의 모든 것을 꿰뚫고 있는 듯한 이장과 그를 신처럼 따르는 마을 사람들. 해국은 이곳 이 사람들이 모두 의심스럽기만 한데...",2010-07-14,3350000,7.0,1,116,/1pxG0oRPbS9CWlkJY0r8vhdlhEV.jpg,/6lQwPjxE7O3oOX5xxB3wKJZU2MR.jpg,xZ2C1x5gS80,,m5XleN5
67,580626,신의 한 수: 귀수편,바둑으로 모든 것을 잃은 아이 귀수. 유일하게 기대던 스승 허일도마저 잃고 홀로 살아남아 세상을 향한 복수를 계획한다. 운명의 선택은 신의 놀음판에 있다. 자신을 사지로 내몬 냉혹한 내기바둑판으로 뛰어든 귀수는 전국을 돌아다니며 귀신 같이 바둑을 두는 자들과 대결을 펼치는데… 사활을 건 대결! 신의 한 수를 다시 두시겠습니까?,2019-11-07,2150000,7.4,0,134,/205K07RJ2e7cscv794tGPRTU8uR.jpg,/rfs0Pw1wlpOdHNyxiSs28Xm8ocT.jpg,L-MGk91Vf8k,,mObBeZz
68,24822,세븐 데이즈,"승률 100%의 냉혈 변호사 지연은 뛰어난 실력으로 스포트라이트를 받지만, 하나뿐인 딸에게는 빵점짜리 엄마. 모처럼 엄마 노릇을 하기 위해 딸의 운동회에 참가하지만, 눈깜짝할 사이에 딸이 납치당한다. 그리고 걸려온 전화 한 통. 아이를 살리고 싶다면, 7일 내에 살인범 정철진을 빼내라! 7일이라는 제한된 시간동안 완벽한 살인범 정철진을 석방시키기 위한 지연의 분투가 시작된다.",2007-11-14,2040000,6.7,1,102,/21EN8reaMiQctJeRDQ5QPoyx39c.jpg,/m9DVVdUZXIdn8fU9ZLoXZCVNqgs.jpg,YLPG6oU8Pp0,,
69,340746,악의 연대기,"특급 승진을 앞둔 최반장은 회식 후 의문의 괴한에게 납치를 당한다. 위기를 모면하려던 최반장은 우발적인 살인을 저지르게 되고, 승진을 위해 사건을 은폐하기로 결심한다. 이튿날 아침, 최반장이 죽인 시체가 경찰서 앞 공사장 크레인에 매달린 채 공개되고 대한민국이 발칵 뒤집힌다. 자신이 저지른 살인 사건을 담당하게 된 최반장은 좁혀오는 수사망에 불안감을 느낀다. 최반장은 자신의 실수를 덮기 위해 사건을 조작하고 재구성한다. 그러던 어느 날, 경찰서로 의문의 전화가 걸려오고, 한 남자가 자신이 진범이라며 경찰서에 나타나는데…",2015-05-14,2190000,7.5,0,139,/mJHksZ2WVKsiElz0gzaHdszkM9k.jpg,/vJz09EOGD1OY2AHv0QU3tecGiPP.jpg,P8Vco9Z8Imo,,mWyJ1v6
70,290865,타짜: 신의 손,삼촌 고니의 승부욕과 손재주를 닮은 대길은 노름판에서 미나를 보고 첫눈에 사랑에 빠지지만 바로 그 다음날 불미스러운 일에 연루되어 동네를 떠나게 된다. 강남의 하우스에 입성하게 된 대길은 타고난 기술과 매력을 활용해 선수로 급성장한다. 배신과 음모가 판을 치는 노름판에서 우 사장을 만나 사랑에 빠지지만 순진했던 그의 마음은 이용만 당한 채 버려진다. 황당한 액수의 채무와 장기 탈취 등으로 노름판 밑바닥까지 내려가게 된 대길은 우연히 고광렬을 만나고 노름판의 패가 아닌 노름꾼의 눈을 읽는 기술을 터득하게 되면서 재기의 발판을 다지게 된다.,2014-09-03,4010000,7.1,1,133,/pqvIcZWo1syeTXBMVGNqerJ32Co.jpg,/8tEH9DbR677TxLVj1mfaJf697d4.jpg,AVbp8WoqqLE,80015347,m5mGVzO
71,55765,거룩한 계보,"치성은 전라도 조직세계를 주름잡는 전설의 칼잡이다. 그의 곁에는 유년시절부터 주먹세계에 입문하기까지 모든 걸 함께해온 죽마고우 주중이 있다. 마약 제조업자 최박사의 신기술을 노리는 조직의 명령으로 그에게 칼을 들게 된 치성은 모든 책임을 홀로 지고 감옥에 가게 된다. 그곳에서 그는 수년 전 죽은 줄로만 알았던 또 한명의 죽마고우 순탄과 우연히 재회하고 그간 마음에 담아둔 회포를 푼다.  한편, 치성을 감옥에 보내고 조직에 남게 된 주중은 마음이 착잡하기만 하다. 그러던 어느 날, 몇 해전 치성에게 한쪽 다리를 잃은 경쟁 조직의 보스 성봉식이 치성 부모에게 칼을 휘두르는 사건이 발생하고, 조직은 세력확장을 위한 검은 거래 속에서 그 사건에 대해 침묵하며 치성에게서 등을 돌린다. 주중은 치성에 대한 연민으로 마음이 괴롭지만, 조직원으로서의 의무감을 떨쳐내지 못하고 갈등하게 된다.  10년간 조직을 위해 모든 것을 바쳐온 치성은 치를 떠는 배신감에 분노한다. 이제 그에게 남은 건 오직 하나! 치성은 조직에 대한 복수를 결심하고, 순탄을 포함한 감옥 동기들과 함께 탈옥을 모색한다. 각양각색의 탈출방법을 시도하던 중, 일명 거룩한 계보 일행은 뜻밖의 기상천외한 방법으로 마침내 탈옥에 성공한다. 탈옥 후, 치성은 최후의 목표인 조직의 보스 김영희를 만나러 가던 중, 조직원의 신분으로 자신을 마주해야 하는 주중과 피할 수 없는 대결의 순간을 맞이하게 되는데.",2006-10-19,1430000,6.4,0,147,/gxshb0RDvgYNNtZQrhA2vrt9EWX.jpg,/nMYmYQyVYO3A4nUX5StQpPOzO3V.jpg,__rqhUEqgJQ,,mMO2DQ5
72,644714,보이스,"부산 건설현장 직원들을 상대로 걸려온 전화 한 통. 보이스피싱 전화로 인해 딸의 병원비부터 아파트 중도금까지, 당일 현장에서는 수많은 사람들이 목숨 같은 돈을 잃게 된다. 현장작업반장인 전직형사 서준은 가족과 동료들의 돈 30억을 되찾기 위해 보이스피싱 조직을 추적하기 시작한다.",2021-09-15,1420000,7.9,0,121,/wz10NxjPm7tVl5M3WO0mm3mucHH.jpg,/jr3ockzVPmXOD5Tf11lUMpgu20a.jpg,Kwdb2UO9PCI,,
74,344476,극비수사,"한 아이가 유괴된 후, 수사가 시작되고 아이 부모의 특별 요청으로 담당이 된 공길용 형사는 아이를 보호하기 위해 극비 수사를 진행하기로 한다. 한편, 가족들은 유명한 점술집을 돌아다니며 아이의 생사여부를 확인하지만 이미 아이가 죽었다는 절망적인 답만 듣게 되고, 마지막으로 도사 김중산을 찾아간다.  아이의 사주를 풀어보던 김도사는 아직 아이가 살아있고, 보름 째 되는 날 범인으로부터 첫 연락이 온다고 확신한다. 보름째 되는 날, 김도사의 말대로 연락이 오고, 범인이 보낸 단서로 아이가 살아있음을 확신한 공형사는 김도사의 말을 믿게 된다. 하지만 한 달이 지나도록 수사는 진전되지 않고, 모두가 아이의 생사 보다 범인 찾기에 혈안이 된 상황 속에 공형사와 김도사 두 사람만이 아이를 살리기 위한 수사를 계속 진행하는데…",2015-06-18,2860000,6.7,0,104,/4AnGVH4fu6HVYMBe1QiIOCuu75j.jpg,/jcrtTNdUKfSiBTFKcGfLu8f7d7p.jpg,qelj4lbDu4Y,80230445,mWvkD0D
75,77175,퀵,스피드 마니아인 퀵서비스맨 기수. 생방송 시간에 쫓겨 퀵서비스를 이용하는 아이돌 아롬을 태우고 가던 중 한 통의 전화를 받는다. 수화기 너머 의문의 목소리는 헬멧에 폭탄이 장착 되어 있다는 경고와 함께 30분 내 폭탄 배달 미션을 완수하라는데...,2011-07-20,3120000,6.2,0,110,/bnPd7UzSW8ZM0Aca5XI9woAl8IB.jpg,/eWWWcdZc4JdeboldJgNt7WTTYiI.jpg,CZH7roYywUo,,
76,574302,타짜: 원 아이드 잭,"전설적인 타짜 짝귀의 아들이자 고시생인 일출은 공부에는 흥미가 없지만 포커판에서는 날고 기는 실력자다. 포커판에서 우연히 알게 된 마돈나의 묘한 매력에 빠져든 일출은 그녀의 곁을 지키는 이상무에게 속아 포커의 쓴맛을 제대로 배운다. 돈도 잃고 자존심까지 무너진 채 벼랑 끝에 몰린 그의 앞에 정체불명의 타짜 애꾸가 나타난다. 50억이 걸린 거대한 판을 설계한 애꾸는 전국에서 타짜들을 불러모은다. 무엇이든 될 수 있고, 누구든 이길 수 있는 원 아이드 잭 팀으로 모인 이들, 인생을 바꿀 새로운 판에 뛰어드는데...",2019-09-11,2220000,7.1,1,91,/aebY0aGAP7Od5qs3k6PXEVIMwYD.jpg,/uw7gbC7VWeuIgEd7gHUTcy0WNwQ.jpg,MYys7iLTbMA,81198116,m5rwLXm
77,606740,소리도 없이,"범죄조직의 하청을 받아 근면성실하고 프로페셔널하게 시체 수습을 하며 살아가는 태인과 창복. 어느 날 단골이었던 범죄조직의 실장 용석에게 부탁을 받고 유괴된 11살 아이 초희를 억지로 떠맡게 된다. 그런데 다음 날 다시 아이를 돌려주려던 두 사람 앞에 용석이 시체로 나타나고, 두 사람은 예기치 못한 사건에 휘말리게 되는데…",2020-10-15,400000,7.7,0,126,/1rKAtswgdQPQHbQfTrwC4XHglJc.jpg,/uXX9EW4u7bKdD1RCwTkAhZawZLg.jpg,HT8hZx__IxE,81402894,mdj2a0w
79,38963,바르게 살자,"연이어 일어나는 은행 강도 사건으로 민심이 흉흉한 삼포시. 새로 부임한 경찰서장 이승우는 유례없는 은행강도 모의훈련을 실시한다. 그러나 이 훈련을 통해 민심도 얻고, 야심도 채우려는 그에게 뜻밖의 복병이 나타난다. 어수룩하게 봤던 교통과 순경 정도만이 강도로 발탁되면서 훈련이 점점 꼬이기 시작한 것이다. 대충대충 훈련이 끝나기만을 기다리는 참가자들의 바램을 무시한 채 불성실한 인질들을 설득해가며 차곡차곡 준비된 강도로서의 모범을 선보이는 정도만. 경찰이든 강도든 맡은 바 임무에 최선을 다하는 고지식한 성격 탓에 그의 머릿속엔 오로지 미션을 성공리에 끝내려는 생각뿐이다. 그의 강도 열연으로 모의훈련은 끝이 보이지 않고, 결국 특수기동대가 투입되고, TV를 통해 전국에 생중계 되는 등 훈련은 실전보다 더 빡세져 간다! 과연 이 훈련은 어떻게 끝이 날 것인가?",2007-08-18,2130000,7.3,0,98,/wmf3ehKxSqBJ14GUh4tLU9yjvqe.jpg,/fM5W9e57B4DoutCPnbPgSjOmApc.jpg,mWVM3Dz5zHw,,mn5Nk8W
80,434724,더 킹,"권력의 정점에 서고픈 검사, 무소불위 권력을 쥐고 폼 나게 살고 싶었던 태수는 우여곡절 끝에 권력의 설계자 한강식을 만나 핵심 라인을 타고 승승장구 하게 된다. 정권이 교체되는 중요한 시기, 새로운 판을 짜며 기회를 노리던 이들 앞에 예상치 못한 위기가 닥치는데… 정의 따윈 헌신짝처럼 내다버린 그에게 지금 날아오는 것은 필연의 부메랑인가.",2017-01-18,5310000,7.6,0,108,/mNC4JtrcGxuWoU6yK5d6rCUI1an.jpg,/auA1OaJKbim8E7ACnMYmvHz5wNB.jpg,cpHe62Z8_14,80166191,
81,442845,보통사람,"열심히 범인 잡아 국가에 충성하는 강력계 형사이자 사랑하는 아내, 아들과 함께 2층 양옥집에서 번듯하게 살아보는 것이 소원인 평범한 가장 성진. 그날도 불철주야 범인 검거에 나섰던 성진은 우연히 검거한 수상한 용의자 태성이 대한민국 최초의 연쇄살인범일 수도 있다는 정황을 포착하게 되고, 이로 인해 안기부 실장 규남이 주도하는 은밀한 공작에 자신도 모르는 사이 깊숙이 가담하게 된다. 한편, 성진과는 가족과도 같은 막역한 사이인 자유일보 기자 재진은 취재 중 이 사건의 수상한 낌새를 눈치채고 성진에게 이쯤에서 손을 떼는 것이 좋겠다고 말하지만, 다리가 불편한 아들의 수술을 약속 받은 성진은 규남의 불편한 제안을 받아들이고 만다. 아버지로서 할 수 밖에 없었던 선택, 이것이 도리어 성진과 가족들을 더욱 위험에 빠트리고 그의 삶을 송두리째 흔들기 시작하는데…",2017-03-23,380000,7.3,0,110,/kuX4Gp9xV1AAYZ3BYGqo1uwtjF2.jpg,/o8nhhDXuyFxdWMbtmRGEXPlQ8VY.jpg,oU1eA8R05tY,80184133,md6YDVa
83,280019,황제를 위하여,"촉망 받는 야구선수였지만 승부조작에 연루된 후 모든 것을 잃게 된 ‘이환’(이민기).  빠져 나갈 곳 없는 인생의 밑바닥에서 이환은  사채업과 도박판을 주름 잡는 부산 최대 규모의 조직,  황제 캐피탈의 대표 ‘상하’(박성웅)를 만나게 된다.  돈 앞에선 냉정하지만  자신의 식구들은 의리와 신뢰로 이끄는 상하.  이환의 잠재력을 본능적으로 알아 본 상하는  다른 조직원들의 우려와 반대에도 불구하고, 그를 자신의 세계로 끌어들인다.  이긴 놈만 살아남는 도박판 같은 세상.  상하의 절대적인 신임 속에서 이환은  타고난 승부근성과 거침없는 행보로 점점 자신의 영역을 넓히고,  감춰두었던 야망을 키워가는데…!",2014-06-11,590000,6.1,1,104,/xNELPRzugre05vFC36ilVfkerCF.jpg,/8K66YseG8kJXjcYW48iBI5wtB0f.jpg,PytatWrWPgQ,80050104,md76PeM
84,602296,결백,"평범한 시골 농가의 장례식장, 농약을 탄 막걸리를 마신 마을 주민 1명이 사망하고 4명이 중태에 빠진 충격적인 사건이 벌어진다. 살인사건의 용의자로 급성 치매에 걸려 조문객 맞이도 제대로 하지 못한 채 남편의 장례식장을 지키고 있던 화자가 현장에서 체포되고, 고향집과 발길을 끊고 지냈던 대형 로펌 에이스 변호사인 딸 정인이 법의 사각지대에 놓인 엄마의 변호를 맡게 된다.",2020-06-10,890000,7.8,0,117,/8xWV5umarehP0WvfZr9rmFE9wSl.jpg,/t7d0ybowQgeLGPppePJHlwRGcxn.jpg,j6Lw1G72TVY,,mWvwLr0
86,33171,공공의 적,"비오는 한밤, 잠복근무 중이던 철중(설경구 분)은 전봇대 뒤에서 어쩔 수없이 볼일을 본다. 그 때 철중과 부딪히는 검은 그림자. 철중은 비도 내리고 똥도 묻은 김에, 가차없이 달려가 사내의 뒤통수를 후려친다. 휘청이며 밀려가는 사내. 다시 철중이 주먹을 날리려는데 희번득이는 물체가 철중의 눈밑을 때리고 튕겨나간다. 철철 흐르는 피에 눈을 감싸쥐고 주저않는 철중.  일주일 후, 칼로 난자당한 노부부의 시체가 발견된다. 그러나 단서는 아무것도 없다. 시체를 무심히 보던 철중에게 문득 빗속에서 마주쳤던 우비의 사내가 떠오른다. 그 칼! 철중이 분노를 삭히며 보관했던 칼 한자루. 그의 칼은 시체에 새겨진 칼자국과 일치한다. 그리고 그는 기억한다. 우비를 입은 그 남자의 뒷모습과 스쳐간 느낌을. 철중은 펀드매니저 규환(이성재 분)을 만난다. 그리고 그가 직감적으로 살인자임을 느낀다. 아무런 단서도 없다. 철중은 단지 그가 범인이라는 심증을 가지고 미행에 취조, 구타 등 갖은 방법을 동원해 증거를 잡으려 한다.  물론 규환도 당하고만 있지는 않는다. 돈과 권력은 그의 편이다. 그는 쓸데없는 방해물인 철중을 보직에서 박탈시킨다. 그러던 중 또 다시 살인사건이 발생, 사건은 미궁에 빠지는데. 둘의 싸움은 점점 극단으로 치닫고, 물러설 수 없는 대결이 시작된다.",2002-01-25,116000,7.2,1,119,/7S9qA1C2qdK2uKkJfyStpgwZ0a7.jpg,/hwGA0G51VXwEtlqqaUERXtQxHh.jpg,DXmjQcqLmkw,,
89,32159,사생결단,"3만명의 고객이 우글거리는 황금 구역을 관리하는 마약 중간 판매상 이상도는 최고급 오피스텔에서 살며 폼나게 즐기는 인생이다. 그러나 마약계 거물 장철을 잡겠다는 집념에 사로잡힌 미치광이 형사 도경장 경장에게 약점을 잡히면서 잘나가던 상도의 인생에 브레이크가 걸린다. 결국 도경장의 협박에 못 이겨 함정수사에 협조한 상도. 그러나 도경장은 함정수사가 실패로 돌아가자 대신 상도를 감옥에 넣어버린다.  장철의 행방이 손에 잡힐 듯 가까워지자 도경장은 출소한 상도를 다시 찾는다. 뒤를 봐줄테니 다시 한 번 손을 잡자고 청하는 도경장. 그러나 이미 도경장 때문에 감옥에서 8개월을 보낸 상도는 호락호락 넘어오지 않는다. 도경장의 비호 아래 칼부림을 벌여 잃었던 영업구역을 되찾은데 이어 도경장에게 거액의 사업 자금까지 뜯어낸 상도. 결국 장철의 조직에 들어가 자유롭게 장사하는 것을 도경장이 눈감아 주는 대가로 정보를 넘겨주기로 한다.  장철에게 최고 형량을 받게 하기 위해서 마약 유통의 핵심인 제조 현장을 덮쳐야만 하는 도경장. 그러나 장사에 눈이 팔린 상도가 3개월이 지나도 아무런 정보를 넘겨주지 않자 그의 분노는 극에 달한다. 자신을 보호해 주겠다는 도경장의 각서를 받아낸 후에야 제조 교수의 행방을 알려주는 상도. 한편 도경장이 장철과 교수가 만나는 현장을 덮치기 위해 잠복근무에 들어간 사이 상도는 천문학적 액수에 달하는 장철의 마약을 빼돌린다.  그러나 장철과 교수가 만나는 현장을 덮친 도경장은 뜻밖의 존재와 부딪히고, 장철의 몰락을 틈타 단숨에 전국을 장악하려던 상도의 야망 역시 예상 밖의 장애물을 만나게 된다. 각자의 먹이를 향해 이빨을 드러내고 달려들던 두 남자의 ‘사생결단’은 결국 예상치 못했던 최후를 향해 달려가는데...",2006-04-27,172000,6.0,1,99,/hsxx2rRLYoqlrBdze94OIQW1bAU.jpg,/kRS48CLQvmnJeGkNyB6EpzKb9h8.jpg,okhjjHbnh-w,70061228,mdMwjmW
90,25660,인정사정 볼 것 없다,"비 내리는 도심 한복판. 대담한 살인 사건이 3건 일어나고 쏟아지는 비에 증거는 씻겨 내려간다. 비상이 걸린 서부 경찰서 강력반, 영구라는 별명으로 불릴 만큼 괴팍하고 물불 안가리는 우형사와 김형사는 사건에 관계된 짱구와 영배를 잡아들여 주범이 강성민이라는 사실을 알아낸다. 수사팀은 강성민의 여자 친구인 주연의 집에 잠복하지만 우형사의 추격에도 강성민을 놓치고 마는데..",1999-07-31,660000,6.5,0,117,/mEhIj053OyCQ9yY0cNwsLmKxWo0.jpg,/9AsJZuEwSWDCyBaRWaWx9DcohGs.jpg,wIfzsQfOYZc,,
91,50210,파괴된 사나이,"신에 대한 흔들리지 않는 믿음을 가지고 있던 목사 주영수에게 5살 된 딸 혜린이 유괴되는 사건이 발생한다. 주 목사는 딸이 무사히 돌아오기 바라는 간절한 마음으로 기도를 하지만 결국 딸은 돌아오지 않는다. 8년 후, 신에 대한 믿음도 가족도 모두 잃은 그에게 전화 한 통이 걸려온다. 죽은 줄만 알았던 딸이 살아있다. 딸을 찾기 위한 주영수의 필사의 추격이 시작된다.",2010-07-01,1010000,6.2,1,112,/206Zpk5BFKq8dNB27ZcG7bO2YF7.jpg,/dRKVY50zjACVNiY2lil5wuZSNgx.jpg,f27i4g_AXUM,,
92,571078,돈,"오직 부자가 되고 싶은 꿈을 품고 여의도 증권가에 입성한 신입 주식 브로커 조일현. 빽도 줄도 없는, 수수료 O원의 그는 곧 해고 직전의 처지로 몰린다. 위기의 순간, 베일에 싸인 신화적인 작전 설계자 번호표를 만나게 되고, 막대한 이익을 챙길 수 있는 거래 참여를 제안 받는다. 위험한 제안을 받아들인 후 순식간에 큰 돈을 벌게 되는 일현. 승승장구하는 일현 앞에 번호표의 뒤를 쫓던 금융감독원의 사냥개 한지철이 나타나 그를 조여 오기 시작하는데…",2019-03-20,3380000,7.1,0,114,/4aW4qAmWEmQjN3wWT9spMhjvM2B.jpg,/6gNWAfrQuHvFBwoGfYNUNjTzRng.jpg,d6judeV0eb4,81105952,md76YRp
94,270759,일대일,"5월 9일, 한 여고생이 잔인하게 살해당한다. 살인 용의자 7인과 그들에게 테러를 감행하는 ‘그림자’ 7인. 이들의 정체는 무엇인가? 이들 중 당신은 누구인가?",2014-05-22,10000,6.1,1,120,/upveqhqTATvMcVDTZvIlv4dwQ2D.jpg,/pxiLyTDe09V1crB2pyAnce4jQXB.jpg,,,md6YYaY
95,619166,양자물리학,"‘생각이 현실을 만든다’라는 양자물리학적 신념을 인생의 모토로 삼은 유흥계의 화타 ‘이찬우’. 어느 날 유명 연예인이 연루된 마약 파티 사건을 눈치챈다. “불법 없이! 탈세 없이!” 이 바닥에서도 혁신이 일어나야 한다고 믿는 그는 오랫동안 알고지낸 범죄정보과 계장 ‘박기헌’에게 이 정보를 흘린다. 단순한 사건이라고 생각했던 마약파티가 연예계는 물론 검찰, 정치계까지 연루된 거대한 마약 스캔들임을 알게 된 '이찬우'. 이제는 살기 위해 거대 권력과 맞서야 하는 상황. '이찬우’는 ‘박기헌’ 계장을 비롯해 황금인맥을 자랑하는 업계 퀸 ‘성은영’ 등 업계 에이스들과 함께 이 사건을 파헤치기로 한다. 9월, 부패 권력에 통쾌하게 맞서라! 생각은 현실을 만드니까!",2019-09-25,550000,6.5,0,122,/kMFdasG55nPSRZh2OlMqvFxo6o0.jpg,/3p59KRj3cSHYNUHv3NrZVkeF0Fh.jpg,IskxAFOPtbQ,,m5XKVDL
97,32163,미스터 소크라테스,돈도 떨어지고 해서 그나마 만만한 꼰대를 찾아갔더니 되려 영치금이나 넣어달라고 시덥잖은 소리를 해댄다. 당장 쓸 돈도 없는데 영치금이라니... 동필이 잘 봐주라는 잔소리에 귓구멍 후비며 돌아오는데 친구새끼한테 전화가 온다. 일 터졌다고 빨리 와서 도와달란다. 빙고! 이 놈이 있었지~! 당분간 살 돈은 땡겼군. 근데... 어라? 가보니 이거 장난이 아니다. 이 새끼가 지 혼자 누굴 죽이고 울고불고 난리 치는데... 아무리 우발적이라고 해도 이런 건 그냥 넘어갈 수가 있나. 잘 처리해주겠다고 안심시키고 밖으로 나와 핸드폰을 켜고 112를 눌렀다. “여기 살인사건이 났는데요.. 범인은 그냥 현장에 있는 것 같아요.. 빨리 오세요...” 퍽! 눈을 떠보니 낯선 곳이다. 웬 등빨 좋은 놈들이 날 동물원의 원숭이 보듯 둘러싸고 있다. 그리고 자꾸 이상한 질문을 해 댄다. 뭐? 테스트 통과라고? 이게 먼 소리야! 엉? 잠깐... 지금 날 여기 가둬놓고 뭘 하겠다고? 날 키우겠다고?!,2005-11-11,1060000,6.0,1,93,/6Px1GCtWfrlqV10KS8W9HtY8uNl.jpg,/g436mkEJMcN4pzFt8i7o2hGXMfx.jpg,,80124024,mWw7BXW
98,16371,텔 미 썸딩,"서울의 대형 할인 매장 엘리베이터 안에서 토만난 시체가 비닐에 싸인 채 발견된다. 뒤이어 일어난 두 건의 살인 사건에서도 시체들은 각각 몸의 한 부분이 잘려나간 상태로 발견된다. 조형사(한석규)는 사건 규명을 위해 구성된 수사팀 반장을 맡게 되지만 사건의 실마리는 전혀 풀리지 않는다. 그러던 중 3번째의 희생자가 혈우병 환자인 것을 근거로 하여 3명의 신원이 밝혀지고, 그들과 관계 있는 한 여자가 떠오른다.  그녀, 채수연  채수연(심은하)은 프랑스 유학을 다녀온 미모의 여성으로 현재는 박물관의 유물 복원실에서 일하고 있다. 희생자들은 그녀의 과거 혹은 현재의 연인들이었던 것이다. 그녀를 흠모하고 있는 박물관 동료가 수사선상에 오르지만, 그 역시 희생된 채 발견된다. 이제 조형사는 사건을 밝히기 위해 그녀의 기억들을 끌어내기 시작하는데...",1999-11-13,680000,6.1,1,109,/aUh0zhTw5twp3SmXlLpbhD8HbtT.jpg,/NzeQT7T1ofj0HwadV348ImCmgU.jpg,,,
99,437116,미옥,"범죄조직을 재계 유력기업으로 키워낸 언더보스 ‘나현정’은 새로운 시작을 꿈꾸며 은퇴를 준비한다.  그녀를 위해서라면 어떤 일도 서슴지 않았던 조직의 해결사 ‘임상훈’은 그런 그녀를 이해하지 못한다.  한편, 법조계 라이징스타 ‘최대식’은 자신의 치명적인 약점을 붙잡은 ‘나현정’으로 인해 궁지에 몰리게 되고, ‘임상훈’을 이용해 악에 찬 복수를 준비한다.  걷잡을 수 없는 세 사람의 욕망은 점점 파국을 향해 치닫는데…",2017-11-09,240000,6.4,1,118,/hNZVUesuTFMW5gd50waxIDtyh2u.jpg,/9d34v6lwBdzbqEthHHUkpf1tjrn.jpg,,,mOVvJoN
100,428639,두 남자,불법 노래방을 운영하는 악덕업주 형석. 절도를 일삼는 가출팸 리더 진일. 형석이 진일의 여자친구를 강제로 잡아두게 되자 진일은 형석의 딸을 납치한다. 인생 밑바닥에 있는 두 남자는 사랑하는 이들을 지키기 위해 처절한 싸움을 시작하게 된다.,2016-11-30,60000,6.9,1,91,/sznoBefDamUvZIABMUZCHvsPWJ1.jpg,/kuj6wWY7OuWJmiRtAfqCtcSsZBe.jpg,_nfy6BIZOBk,,mdjaBgo
101,573801,국제수사,"필리핀으로 인생 첫 해외여행을 떠난 대천경찰서 강력반 홍병수 경장. 여행의 단꿈도 잠시, 병수는 범죄 조직의 킬러 패트릭의 작전에 휘말려 살인 용의자가 되고, 누명을 벗기 위해 현지 가이드이자 고향 후배 만철과 함께 수사에 나선다. 하지만, 형사 본능이 끓어오르는 마음과는 달리 병수의 몸과 영어는 따라주지 않고, 필리핀에서 재회한 웬수 같은 죽마고우 용배가 끼어드는 바람에 수사는 자꾸 의도치 않은 방향으로 흘러가는데…",2020-09-29,530000,7.0,0,106,/7IuoL7QmVgomokCpwmgUz3VmL7w.jpg,/9jdnFPi5oy1a5J3SYJ4VyC1SBSG.jpg,AITJAXo2S-c,81362806,
102,36681,시크릿,"악명 높은 조직의 2인자가 칼에 수 차례 찔린 채 잔인하게 살해당하는 사건이 발생한다. 현장에 출동한 성열은 범인이 남긴 듯한 유리잔의 립스틱 자국과 떨어진 단추, 귀걸이 한쪽을 찾아내고 충격에 빠진다. 범인의 흔적들이 오늘 아침 외출 준비를 하던 아내의 입술 색깔, 아내의 옷에 달려있던 단추, 아내의 귀걸이라는 것을 깨달은 것이다. 라이벌이자 파트너인 최형사의 눈을 피해 본능적으로 증거물을 모두 없애는 성열. 그는 사건 당일 찾아온 여자를 봤다고 증언하는 결정적 목격자마저 협박해 빼돌린다. 죽은 피해자의 신원이 확인된 강력반에는 긴장감이 감돈다. 피해자의 친형이 바로 칠성회의악랄한 보스 재칼로 밝혀졌기 때문이다. 재칼은 경찰을 비웃으며 직접 범인 사냥에 나설 것을 선언하고, 수사를 할수록 높아지는 아내의 살인 가능성으로 인해 혼란에 빠진 성열은 재칼의 가담으로 인해 점점 궁지에 몰리게 된다. 하지만 아내는 사건 당일 알리바이에 대해 끝내 입을 열지 않고, 급기야 성열은 또 한 명의 용의자인 전과 3범의 석준을 범인으로 몰아 체포하기에 이른다. 아내의 살인 흔적을 은폐하기 위한 성열의 다급한 움직임은 그의 약점을 잡기 위해 혈안인 최형사의 시선을 끈다. 석준이 범인이 아님을 아는 재칼 역시 성열을 의심하기 시작한다. 압박 속에서 아내를 해외로 도피시키기 위해 백방으로 뛰던 성열에게 한 통의 전화가 걸려온다. 결정적 증거물을 가지고 있으니 거래를 하자고 제안하는 의문의 목소리. 전화 속 목소리는 경찰과 재칼에게 범인의 얼굴이 지워진 사건 당일의 CCTV 테이프를 동시에 보내고, 자신의 말대로 하지 않으면 CCTV 속 얼굴을 공개하겠다며 성열을 협박하는데…",2009-12-03,1040000,6.6,0,110,/neay8rKCSJdjlp4Sio0fwVmjeb2.jpg,/v0WmN2NsVMB7cXzUcdpWsV1MOtT.jpg,hqmIH6rQgM4,,mO018Rd
103,238010,친구 2,"친구 동수의 죽음을 지시한 혐의로 수감된 준석. 17년 만에 출소한 그는 몰라보게 달라진 세상과 어느새 조직의 실세로 성장해있는 은기의 모습에 위기감을 느낀다. 준석은 아버지 철주가 평생을 바쳐 이뤄놓은 조직을 되찾기 위해 흩어져있던 자신의 세력을 다시 모으고, 감옥에서 만나 자신을 아버지처럼 따르는 젊은 피 성훈을 오른팔로 두게 된다.  친아버지의 얼굴도 모른 채 불행한 어린 시절을 보냈던 성훈은 마치 아버지처럼 자신을 챙겨주는 준석에게 의지하며 그와 함께 부산을 접수하기 위해 힘쓴다. 그러던 어느 날 성훈을 찾아온 은기는 동수의 죽음에 대한 이야기를 풀어놓으며 성훈을 혼란에 빠트리는데...",2013-11-14,2970000,6.7,0,124,/iCSPty01oOUDt3kVMhFFGJGMM1R.jpg,/jbZkojqPuwVvETMPbZ7pZvKH1ik.jpg,joqaleeE3H4,80115463,
104,32213,공공의 적 2,"검찰청 최고의 꼴통검사 강철중, 룸싸롱은 주로 쳐들어 가기 위해 자주 들르고 책상머리의 서류철 들여다보기 보다 컵라면 우물거리며 잠복근무가 체질인 그는 나쁜 짓 하는 놈 잡기 위해 부하와 동료의 피를 볼 순 없다는 일념으로 총기류 사용도 마다하지 않는 다혈질 검사다. 그렇지만 어제도 오늘도 그의 하루는 늘 나름대로 스마일~로 시작된다.  그런 그에게 명선 재단 이사장 한상우 사건이 접수되고 특유의 기질로 나쁜 냄새를 직감한 강검사, 자기 담당도 아닌 사건을 조사하기 시작한다. 명선고교는 다름아닌 강검사의 모교이며 학교 재단 이사장의 둘째 아들인 한상우 또한 자신과 3년 동안 같은 반에서 수학한 동기동창이었던 것. 재단을 물려받기로 되어 있던 명선 재단 큰 아들의 사고로 인해 재단 이사장으로 급부상한 한상우, 때마침 명선 재단 큰 아들이 숨을 거두고 그 죽음에 대한 의문이 제기되면서 강철중 검사의 수사는 큰 파문을 불러 일으킨다. 이에 철중은 조사인의 자격으로 상우를 검찰청에서 마주하게 되는데.",2005-01-27,3130000,7.2,0,148,/tIo8sfUGB3YzuXCZcHNGVAaabGG.jpg,/r5Se3Dcl7JBwOUBvkNRN23mf1dR.jpg,uU76F0hQk6g,,m9dB6Pd
105,40122,폭력써클,"청춘의 모든 것 꿈 육사 진학이 장래희망인 평범한 고등학교 1학년생 상호에겐 중학교 때부터 친한 친구인 재구와 창배가 있다. 몰려다니는 것을 좋아하고, 학교 밖의 일에 관심이 많은 이들과는 달리, 상호는 꿈을 이루기 위해 모범생의 길을 걷고 있다. 상호가 공부 말고 관심 있는 것은 친구들과 함께 하는 것뿐이다. 상호 일행은 고등학교에 와서 친구가 된 경철, 상식, 홍규와 함께 ‘타이거’라는 모임을 만들어 축구를 즐기며 젊음의 에너지를 분출한다. 사랑 공부와 축구밖에 모르던 상호는 어느 날, 재구와 알고 지내는 ‘수희’라는 여자아이를 만나게 되지만 수희는 모범생 상호와 정반대의 캐릭터. 서로 다른 특별한 매력에 끌린 상호와 수희는 서로를 지켜주고 싶은 사이로 발전한다. 그러나, 수희는 타 고등학교 ‘티앤티’라는 불량써클의 짱인 한종석의 여자친구였다. 수희를 만난 것이 화근이 되어 상호와 ‘타이거’는 어쩔 수 없이 ‘티앤티’와 싸움에 휘말리게 된다. 우정 우정을 나누고자 했던 ‘타이거’는 시간이 갈수록 모임의 성격과는 상관없이 ‘폭력써클’이란 이름으로 사람들에게 불려지기 시작한다. 이름 때문일까, 그 이후로 ‘타이거’는 피할 수 없는 싸움에 자꾸만 휩쓸리고, ‘티앤티’의 무차별적인 공격에 친구들이 크게 다치자 상호는 우정을 위해, 의리를 지키기 위해 돌이킬 수 없는 결정을 내리게 되는데…",2006-10-19,24000,6.6,0,101,/huMHOLOcYoXgJlenUmfLA6NosEZ.jpg,/3gkRbZtsdgCaKQSgWeBT2Gekjfu.jpg,,,mOAZ4ld
106,32160,야수,"강력반 문제아로 낙인 찍힌 다혈질 형사 장도영. 연수원 수석출신의 스타검사 오진우. 얼마 전 오진우가 잡아 넣은 유강진이 출소해 정계진출을 준비하고, 오진우는 유강진에 얽힌 살인사건과 비리에 관한 재수사에 착수한다. 한 편, 장도영은 유강진의 하수인에 의해 동복 동생을 잃게 된다.  공동의 적이 생긴 장도영과 오진우는 이제 한 팀이 되어 수사를 진행한다. 그리고 위협을 느낀 유강진은 장도영과 오진우를 음모에 빠뜨린다.  장도영과 오진우는 수사 중 용의자 가혹행위로 체포되어 법정에 서게 된다. 지금까지의 자신을 있게 한 신념에 철저히 배신감을 느낀 오진우. 자신의 목숨과도 같았던 유일한 피붙이인 어머니마저 잃게 된 장도영. 이들의 분노는 마침내 폭발하게 되는데... 유강진을 향한 두 야수의 거침없는 협공. 어쩌면 비참한 최후가 될 지도 모르는 길. 그러나 장도영과 오진우, 세상도 길들이지 못한 그들을 막을 수 있는 사람은 이제 그 누구도 없다!",2006-01-13,830000,6.4,0,124,/cbEPW9aEfDAkfwgMLpn4JzqqpOL.jpg,/2pybydPQPOrMbQqkUwkwiHMDvgO.jpg,lLzZ4T1vJQY,80195381,m5NVLX5
107,442014,원라인,"평범했던 대학생 ‘민재’는 모든 걸 속여 은행 돈을 빼내는,  일명 ‘작업 대출’계 전설의 베테랑 ‘장 과장’을 만나 업계의 샛별로 거듭난다.  환상의 케미를 자랑하며 돈이란 돈은 모두 쓸어 담던 5인의 신종 범죄 사기단!  그러나, 결코 서로를 믿을 수 없는 사기꾼들은 서서히 다른 속내를 드러내는데…  이름 나이 직업 모든 것을 속여라!  리얼 사기꾼들의 마지막 작업이 펼쳐진다!",2017-03-29,430000,6.9,0,131,/4WPdNcBOvwn3EW8nSt9LgDOHHQo.jpg,/z0TF6eijRsu22EdamavqAzeRfIN.jpg,ZxY4sfGpF_A,80197994,
108,795321,아수라도,어떠한 법도 상식도 통하지 않는 극악무도한 범죄자들만 모인 죽음의 제3교도소. 이들조차 쩔쩔매게 만든 전국구 보스 이태식이 입소하자 새로운 권력의 시대가 열린다. 새로 부임한 교도소장 조평호는 피도 눈물도 없는 악독함의 끝을 보여주며 이태식과 비롯해 죄수들을 지독하게 옥죄기 시작하는데…,2021-03-18,3166,5.0,0,90,/p7zMPSPyXcXIKdpQxMHjtT3R7n1.jpg,/mz32fg55mSXVGP03WqKoz0E051n.jpg,i3KTUYuQdIc,,
109,599333,뜨거운 피,"부산 변두리 작은 포구 구암의 절대적인 주인 손영감, 그의 밑에서 수년간 수족으로 일해온 희수는 무엇 하나 이뤄낸 것 없이, 큰돈 한번 만져보지 못한 채 반복되는 건달 짓이 지긋지긋하다. 1993년, 범죄와의 전쟁 이후 새로운 구역을 집어삼키기 위해 물색중인 영도파 건달들은 아무도 관심 갖지 않는 구암에 눈독을 들이고, 영도파 에이스이자 희수의 오랜 친구 철진이 희수에게 은밀히 접근한다. 새로운 삶을 시작하려는 희수는 갈등하고, 조용하던 구암을 차지하려는 밑바닥 건달들의 치열한 생존 싸움이 시작되는데...",2022-03-23,0,6.2,0,120,/4c0jDc8NjTD07K8PeZbLRBb7zXL.jpg,/pPCEkJh2DUFnqtmOo3yprvcYW8c.jpg,qkXAz98ikNw,,
110,13311,홀리데이,"1988년 10월, 올림픽이라는 세계적인 행사를 끝마치고 세계 4위라는 감흥에서 빠져 나오지 못했던 그 때. 징역 7년, 보호감호 10년형을 받아 복역중인 지강혁과 죄수들이 호송차를 전복 탈출하는 세상을 깜짝 놀라게 하는 사건이 발생한다. 살아도 같이 살고 죽어도 같이 죽는다! 권총 1정과 실탄을 빼앗아 무장탈주에 성공한 강혁과 일당들은 원정강도와 가정집을 돌며 인질극을 벌이는 등 서울을 공포의 도가니로 몰아넣는다. 하지만 인질로 잡힌 사람들은 매스컴에서 말하는 흉악범이라는 이야기와 달리 인간적이고 예의바른 강혁 일당에게 연민의 정을 느끼게 된다. 그렇게 탈주 9일째 되던 날, 북가좌동의 가정집에 숨어있던 강혁 일당은 자신들을 끈질기게 쫓던 경찰관 안석에게 발각되고 경찰과 최후의 대치극을 펼치게 된다. 강혁의 마지막 소원인 비지스의 'Holiday'가 울려 퍼지는 가운데 지강혁은 자신들을 둘러 싸고 있는 경찰과 매스컴을 향해 외친다. 강혁의 외침은 TV 등 매스컴을 통해 전국으로 울려 퍼지고, 강혁은 일당들과 함께 최후의 선택을 하게 되는데...",2006-01-19,1250000,6.3,0,120,/57wN7sRzdaRNxFxodygSDtS5sDu.jpg,/wmPK4VeTcwled3IopimrbuGYlcZ.jpg,,,mLOP2Y5
111,70131,열혈남아,"재문은 소년원에서 만난 민재와 한 조직에 몸을 담고 운명을 함께하게 된다. 조직의 임무를 수행하다가 둘은 실수로 엉뚱한 사람을 죽이게 되고 그 대가로 재문은 가장 의지하던 민재를 눈앞에서 잃고 만다. 죽어가는 민재를 두고 뒷걸음질쳐야만 했던 재문은 조직의 염려와 만류를 뒤로 한 채 민재를 죽인 대식에게 복수할 결심을 하고, 조직에 갓 들어온 치국을 앞세워 벌교로 향한다. 도내 태권도 대회에서 메달까지 땄던 치국은 어머니의 병환으로 조직에 발을 들이게 되고 첫 임무로 고향인 벌교에서 재문의 복수계획에 동참하게 된다. 치국은 인정머리 없이 냉혹하지만 내면에 외로움과 따뜻함을 지닌 재문에게 측은함을 느낀다. 그는 명분 없는 복수를 강행하려는 재문을 만류해보지만 독한 복수를 향한 재문의 결심에는 흔들림이 없다.  복수를 계획한 벌교 읍내 체육대회가 열리기까지는 일주일. 주변을 탐색하던 재문은 대식의 엄마 점심이 하는 국밥 집에 드나들게 된다. 점심은 생사를 모르는 둘째 아들 같은 느낌이 드는 재문이 왠지 낯설지 않고, 재문은 자신을 아들처럼 대하는 점심에게 느껴지는 모정 때문에 혼란스럽다. 체육대회가 한창인 벌교초등학교, 낯선 얼굴인 재문을 경계하던 대식과 그를 찾아 나선 재문은 마침내 텅 빈 교실 한복판에서 맞닥뜨리게 되는데..",2006-11-19,460000,6.8,0,118,/3TYf4SsSLrUeCC0U4GHhYCDvMmi.jpg,/hu9mGr9y78dov6ofJmq3UiXySk4.jpg,rCTUXOYCHLc,,m5awEjO
112,65337,강철중: 공공의 적 1-1,"강동서 강력반 꼴통 형사 강철중(설경구). 5년이 지난 지금도 여전히 사건 현장을 누비고 다니지만 15년 차 형사생활에 남은 거라곤 달랑 전세 집 한 칸. 형사라는 직업 때문에 은행에서 전세금 대출받는 것도 여의치 않다. 잘해야 본전 잘 못하면 사망 혹은 병신이 될 수도 있는 빡센 형사생활에 넌더리가 난 그는 급기야 사표를 제출한다.  하지만 그때 한 고등학교에서 터진 살인사건 때문에 그의 사표 수리는 미뤄지고 이번 사건만 해결하면 퇴직금을 주겠다는 반장의 회유에 말려들어 귀찮은 사건 현장으로 돌아간다. 도무지 해결의 기미가 보이지 않던 살인사건은 죽은 학생의 지문이 얼마 전 강동서 관할에서 일어난 도축장 살인사건 현장에서 발견된 칼에 남겨진 지문과 같다는 사실이 밝혀지면서 새로운 국면을 맡는다.  강철중은 죽은 피해 학생과 어울려 다녔다는 친구 3명을 만나 단서를 찾기 시작한다. 아이들이 얼마 전 ‘거성’이란 회사에 취업했다는 사실을 알아낸 강철중은 이 사건이 ‘거성 그룹’과 관계 있다는 것을 감지하고 ‘거성 그룹’의 회장인 ‘이원술’(정재영)의 뒤를 쫓기 시작한다. 한편, 자신의 사업체마다 나타가서 훼방을 놓는 강철중 때문에 심기가 불편해진 이원술 역시 조용히 반격을 준비 하는 데…",2008-06-19,4310000,6.1,0,127,/aBoBQRGUuCCX4bixhUSDueAprhX.jpg,/zfJ5hWSgVbkaBl7BugNViadJ69m.jpg,JYx-YKflBJI,,mdRLgaW
113,554509,얼굴없는 보스,"건달이 되면 멋진 남자로서 폼 나는 삶을 살 수 있을 거란 일념으로, 배신한 선배를 물러나게 하고 마침내 보스의 자리까지 오른 ‘상곤’. 하지만 그 일로 선배를 제낀 후배라는 오명을 쓰게 된다. 형제보다 사랑하는 동생들과 의리를 맹세하고 목숨보다 사랑하는 그녀와 행복까지 꿈꾸지만 매일매일 피바람이 불어대는 지옥과 같은 이 곳에는 건달들의 낭만 따위는 사치처럼 보이는데… 건달들이 개입된 음모와 얽히고설킨 배신 속, 가족과 동생들까지 점점 더 모든 것을 잃을 위기에 처하는 ‘상곤’. 그가 마지막까지 지키고자 했던 것은 무엇이었을까?",2019-11-21,24000,2.3,0,100,/2rW0sgfExI63A3CEXMZ1hXlmyxC.jpg,/lo3lxAOUE3dDpMyi1JjZDVummlk.jpg,b9TVCTGPaYE,,mdEm09A
114,255453,창수,"더 이상 추락할 곳이 없다!'  내일이 없는 징역살이 대행업자 창수(임창정)가  내일을 살고 싶은 여자 미연(손은서)을 만난 순간, 비극은 시작 되는데...  더 이상 추락할 곳 없는 밑바닥 인생.  사람답게 살고 싶었다!  어느 날 마주친 그녀와의 하룻밤에서 시작된 한 남자의 파국!  그의 거칠 것 없는 인생 드라마가 펼쳐진다!  모질도록 슬픈 목숨!  슬플 창(愴) 목숨 수(壽)",2013-11-28,420000,7.4,0,103,/clChDeLICTbr3hLO1YF1KaPwKmo.jpg,,,,m5NvXp5
115,706750,범털,"우발적 폭력 사건에 휘말려 억울하게 수감된 ‘만희’는  교도소의 범털이 기거하는 폭력방에 입소되어,  왈왈이, 사형수, 벌구, 꼬마, 개털과 함께 한솥밥을 먹게 된다.  한편, 반대파 메이커 건달 두목인 ‘태수’가 같은 사동으로 입소하게 되면서,  범털에게 불만을 품은 봉천동파 부두목 조.밥과 용주골 갈치, 가리봉동파 와꾸, 도끼,  패거리들이 모여들고, 재소자 목욕탕에서 샤워 중인 범털을 기습해온다.  위기를 제압한 범털은 태수와 한 편인 보안과장이 출동시킨 타격대에 의해 구금당할 위험에 처하고, 이때 숨겨놓은 칼을 찾아든 사형수로 인해 일촉즉발의 사태로 번지게 되는데…  가진 자와 못 가진 자의 목숨을 건 마지막 승부가 펼쳐진다!",2020-05-14,4054,5.0,0,111,/3Xeqwws1f3QUTsNiJEMsTSTeGbD.jpg,/iWptWHazDCXqEet7gBhZYyL2rTz.jpg,6UTtRbQf63s,81445823,
